[1731868477.120][INFO]: Starting ChromeDriver 130.0.6723.116 (6ac35f94ae3d01152cf1946c896b0678e48f8ec4-refs/branch-heads/6723@{#1764}) on port 6848
[1731868477.121][INFO]: Please see https://chromedriver.chromium.org/security-considerations for suggestions on keeping ChromeDriver safe.
[1731868477.126][INFO]: ChromeDriver was started successfully on port 6848
[1731868477.789][INFO]: [4361b112340dbee3d7d40d771a551f7b] COMMAND InitSession {
   "capabilities": {
      "firstMatch": [ {
         "browserName": "chrome",
         "goog:chromeOptions": {
            "args": [  ],
            "extensions": [  ]
         },
         "goog:loggingPrefs": {
            "browser": "ALL",
            "driver": "ALL"
         }
      } ]
   }
}
[1731868477.789][INFO]: Browser search. Trying... C:\Users\prachi\.cache\selenium\chromedriver\win64\130.0.6723.116\chrome.exe
[1731868477.789][INFO]: Browser search. Trying... C:\Users\prachi\.cache\selenium\chromedriver\win64\130.0.6723.116\chrome.exe
[1731868477.789][INFO]: Browser search. Trying... C:\Users\prachi\.cache\selenium\chromedriver\win64\130.0.6723.116\chromium.exe
[1731868477.792][INFO]: Browser search. Trying... C:\Users\prachi\AppData\Local\Google\Chrome\Application\chrome.exe
[1731868477.792][INFO]: Browser search. Trying... C:\Program Files\Google\Chrome\Application\chrome.exe
[1731868477.792][INFO]: Browser search. Found at  C:\Program Files\Google\Chrome\Application\chrome.exe
[1731868477.793][INFO]: Populating Preferences file: {
   "alternate_error_pages": {
      "enabled": false
   },
   "autofill": {
      "enabled": false
   },
   "browser": {
      "check_default_browser": false
   },
   "distribution": {
      "import_bookmarks": false,
      "import_history": false,
      "import_search_engine": false,
      "make_chrome_default_for_user": false,
      "skip_first_run_ui": true
   },
   "dns_prefetching": {
      "enabled": false
   },
   "profile": {
      "content_settings": {
         "pattern_pairs": {
            "https://*,*": {
               "media-stream": {
                  "audio": "Default",
                  "video": "Default"
               }
            }
         }
      },
      "default_content_setting_values": {
         "geolocation": 1
      },
      "default_content_settings": {
         "geolocation": 1,
         "mouselock": 1,
         "notifications": 1,
         "popups": 1,
         "ppapi-broker": 1
      },
      "password_manager_enabled": false
   },
   "safebrowsing": {
      "enabled": false
   },
   "search": {
      "suggest_enabled": false
   },
   "translate": {
      "enabled": false
   }
}
[1731868477.793][INFO]: Populating Local State file: {
   "background_mode": {
      "enabled": false
   },
   "ssl": {
      "rev_checking": {
         "enabled": false
      }
   }
}
[1731868477.793][INFO]: ChromeDriver supports communication with Chrome via pipes. This is more reliable and more secure.
[1731868477.793][INFO]: Use the --remote-debugging-pipe Chrome switch instead of the default --remote-debugging-port to enable this communication mode.
[1731868477.795][INFO]: Launching chrome: "C:\Program Files\Google\Chrome\Application\chrome.exe" --allow-pre-commit-input --disable-background-networking --disable-backgrounding-occluded-windows --disable-client-side-phishing-detection --disable-default-apps --disable-hang-monitor --disable-popup-blocking --disable-prompt-on-repost --disable-sync --enable-automation --enable-logging --log-level=0 --no-first-run --no-service-autorun --password-store=basic --remote-debugging-port=0 --test-type=webdriver --use-mock-keychain --user-data-dir="C:\Users\prachi\AppData\Local\Temp\scoped_dir23732_2104696262" data:,
[1731868478.374][INFO]: resolved localhost to ["::1","127.0.0.1"]
[1731868478.380][INFO]: [4361b112340dbee3d7d40d771a551f7b] RESPONSE InitSession {
   "capabilities": {
      "acceptInsecureCerts": false,
      "browserName": "chrome",
      "browserVersion": "130.0.6723.117",
      "chrome": {
         "chromedriverVersion": "130.0.6723.116 (6ac35f94ae3d01152cf1946c896b0678e48f8ec4-refs/branch-heads/6723@{#1764})",
         "userDataDir": "C:\\Users\\prachi\\AppData\\Local\\Temp\\scoped_dir23732_2104696262"
      },
      "fedcm:accounts": true,
      "goog:chromeOptions": {
         "debuggerAddress": "localhost:64798"
      },
      "networkConnectionEnabled": false,
      "pageLoadStrategy": "normal",
      "platformName": "windows",
      "proxy": {
      },
      "setWindowRect": true,
      "strictFileInteractability": false,
      "timeouts": {
         "implicit": 0,
         "pageLoad": 300000,
         "script": 30000
      },
      "unhandledPromptBehavior": "dismiss and notify",
      "webauthn:extension:credBlob": true,
      "webauthn:extension:largeBlob": true,
      "webauthn:extension:minPinLength": true,
      "webauthn:extension:prf": true,
      "webauthn:virtualAuthenticators": true
   },
   "sessionId": "4361b112340dbee3d7d40d771a551f7b"
}
[1731868478.579][INFO]: [4361b112340dbee3d7d40d771a551f7b] COMMAND MaximizeWindow {
}
[1731868478.579][INFO]: Waiting for pending navigations...
[1731868478.582][INFO]: Done waiting for pending navigations. Status: ok
[1731868478.613][INFO]: Waiting for pending navigations...
[1731868478.614][INFO]: Done waiting for pending navigations. Status: ok
[1731868478.615][INFO]: [4361b112340dbee3d7d40d771a551f7b] RESPONSE MaximizeWindow {
   "height": 688,
   "width": 1296,
   "x": -8,
   "y": -8
}
[1731868478.631][INFO]: [4361b112340dbee3d7d40d771a551f7b] COMMAND SetTimeouts {
   "implicit": 5000
}
[1731868478.631][INFO]: [4361b112340dbee3d7d40d771a551f7b] RESPONSE SetTimeouts
[1731868478.642][INFO]: [4361b112340dbee3d7d40d771a551f7b] COMMAND Navigate {
   "url": "https://www.google.com"
}
[1731868478.642][INFO]: Waiting for pending navigations...
[1731868478.644][INFO]: Done waiting for pending navigations. Status: ok
[1731868478.928][INFO]: Waiting for pending navigations...
[1731868479.733][INFO]: Done waiting for pending navigations. Status: ok
[1731868479.733][INFO]: [4361b112340dbee3d7d40d771a551f7b] RESPONSE Navigate
[1731868479.740][INFO]: [4361b112340dbee3d7d40d771a551f7b] COMMAND Navigate {
   "url": "https://leetcode.com/"
}
[1731868479.740][INFO]: Waiting for pending navigations...
[1731868479.741][INFO]: Done waiting for pending navigations. Status: ok
[1731868480.189][INFO]: Waiting for pending navigations...
[1731868482.643][INFO]: Done waiting for pending navigations. Status: ok
[1731868482.644][INFO]: [4361b112340dbee3d7d40d771a551f7b] RESPONSE Navigate
[1731868482.660][INFO]: [4361b112340dbee3d7d40d771a551f7b] COMMAND GetUrl {
}
[1731868482.660][INFO]: Waiting for pending navigations...
[1731868482.675][INFO]: Done waiting for pending navigations. Status: ok
[1731868482.859][INFO]: Waiting for pending navigations...
[1731868482.985][INFO]: Done waiting for pending navigations. Status: ok
[1731868482.985][INFO]: [4361b112340dbee3d7d40d771a551f7b] RESPONSE GetUrl "https://leetcode.com/"
[1731868482.990][INFO]: [4361b112340dbee3d7d40d771a551f7b] COMMAND Navigate {
   "url": "https://www.google.com"
}
[1731868482.990][INFO]: Waiting for pending navigations...
[1731868482.990][INFO]: Done waiting for pending navigations. Status: ok
[1731868483.196][INFO]: Waiting for pending navigations...
[1731868483.641][INFO]: Done waiting for pending navigations. Status: ok
[1731868483.641][INFO]: [4361b112340dbee3d7d40d771a551f7b] RESPONSE Navigate
[1731868483.647][INFO]: [4361b112340dbee3d7d40d771a551f7b] COMMAND Navigate {
   "url": "https://leetcode.com/"
}
[1731868483.647][INFO]: Waiting for pending navigations...
[1731868483.648][INFO]: Done waiting for pending navigations. Status: ok
[1731868484.036][INFO]: Waiting for pending navigations...
[1731868485.116][INFO]: Done waiting for pending navigations. Status: ok
[1731868485.116][INFO]: [4361b112340dbee3d7d40d771a551f7b] RESPONSE Navigate
[1731868485.126][INFO]: [4361b112340dbee3d7d40d771a551f7b] COMMAND FindElement {
   "using": "xpath",
   "value": "//p[text()='View Questions ']"
}
[1731868485.126][INFO]: Waiting for pending navigations...
[1731868485.181][INFO]: Done waiting for pending navigations. Status: ok
[1731868485.321][INFO]: Waiting for pending navigations...
[1731868485.330][INFO]: Done waiting for pending navigations. Status: ok
[1731868485.330][INFO]: [4361b112340dbee3d7d40d771a551f7b] RESPONSE FindElement {
   "element-6066-11e4-a52e-4f735466cecf": "f.360B2B3062DB0D08F76F0AE99E91E1C3.d.708035518786A60672092C4BD25B1731.e.17"
}
[1731868485.344][INFO]: [4361b112340dbee3d7d40d771a551f7b] COMMAND ExecuteScript {
   "args": [ {
      "element-6066-11e4-a52e-4f735466cecf": "f.360B2B3062DB0D08F76F0AE99E91E1C3.d.708035518786A60672092C4BD25B1731.e.17"
   } ],
   "script": "/* isDisplayed */return (function(){return (function(){var g=this||self;\nfunction aa(a){var b=typeof a;if(\"object\"==b)if(a){if(a instanceof Array)return\"array\";if(a instanceof Object)return b;var c=Object.prototype.toString.call(a);if(\"[object Window]\"==c)return\"object\";if(\"[object Array]\"==c||\"number\"==typeof a.length&&\"undefined\"!=typeof a.splice&&\"undefined\"!=typeof a.propertyIsEnumerable&&!a.propertyIsEnumerable(\"splice\"))return\"array\";if(\"[object Function]\"==c||\"undefined\"!=typeof a.call&&\"undefined\"!=typeof a.propertyIsEnumerable&&!a.propertyIsEnumerable(\"call\"))return\"function\"}else return\"null\";else if(\"function\"==\nb&&\"undefined\"==typeof a.call)return\"object\";return b}function ca(a,b){function c(){}c.prototype=b.prototype;a.prototype=new c;a.prototype.constructor=a};var da=Array.prototype.indexOf?function(a,b){return Array.prototype.indexOf.call(a,b,void 0)}:function(a,b){if(\"string\"===typeof a)return\"string\"!==typeof b||1!=b.length?-1:a.indexOf(b,0);for(var c=0;c\u003Ca.length;c++)if(c in a&&a[c]===b)return c;return-1},ea=Array.prototype.some?function(a,b){return Array.prototype.some.call(a,b,void 0)}:function(a,b){for(var c=a.length,e=\"string\"===typeof a?a.split(\"\"):a,d=0;d\u003Cc;d++)if(d in e&&b.call(void 0,e[d],d,a))return!0;return!1},fa=Array.prototype.every?function(a,\nb){return Array.prototype.every.call(a,b,void 0)}:function(a,b){for(var c=a.length,e=\"string\"===typeof a?a.split(\"\"):a,d=0;d\u003Cc;d++)if(d in e&&!b.call(void 0,e[d],d,a))return!1;return!0};var ha={aliceblue:\"#f0f8ff\",antiquewhite:\"#faebd7\",aqua:\"#00ffff\",aquamarine:\"#7fffd4\",azure:\"#f0ffff\",beige:\"#f5f5dc\",bisque:\"#ffe4c4\",black:\"#000000\",blanchedalmond:\"#ffebcd\",blue:\"#0000ff\",blueviolet:\"#8a2be2\",brown:\"#a52a2a\",burlywood:\"#deb887\",cadetblue:\"#5f9ea0\",chartreuse:\"#7fff00\",chocolate:\"#d2691e\",coral:\"#ff7f50\",cornflowerblue:\"#6495ed\",cornsilk:\"#fff8dc\",crimson:\"#dc143c\",cyan:\"#00ffff\",darkblue:\"#00008b\",darkcyan:\"#008b8b\",darkgoldenrod:\"#b8860b\",darkgray:\"#a9a9a9\",darkgreen:\"#006400\",\ndarkgrey:\"#a9a9a9\",darkkhaki:\"#bdb76b\",darkmagenta:\"#8b008b\",darkolivegreen:\"#556b2f\",darkorange:\"#ff8c00\",darkorchid:\"#9932cc\",darkred:\"#8b0000\",darksalmon:\"#e9967a\",darkseagreen:\"#8fbc8f\",darkslateblue:\"#483d8b\",darkslategray:\"#2f4f4f\",darkslategrey:\"#2f4f4f\",darkturquoise:\"#00ced1\",darkviolet:\"#9400d3\",deeppink:\"#ff1493\",deepskyblue:\"#00bfff\",dimgray:\"#696969\",dimgrey:\"#696969\",dodgerblue:\"#1e90ff\",firebrick:\"#b22222\",floralwhite:\"#fffaf0\",forestgreen:\"#228b22\",fuchsia:\"#ff00ff\",gainsboro:\"#dcdcdc\",\nghostwhite:\"#f8f8ff\",gold:\"#ffd700\",goldenrod:\"#daa520\",gray:\"#808080\",green:\"#008000\",greenyellow:\"#adff2f\",grey:\"#808080\",honeydew:\"#f0fff0\",hotpink:\"#ff69b4\",indianred:\"#cd5c5c\",indigo:\"#4b0082\",ivory:\"#fffff0\",khaki:\"#f0e68c\",lavender:\"#e6e6fa\",lavenderblush:\"#fff0f5\",lawngreen:\"#7cfc00\",lemonchiffon:\"#fffacd\",lightblue:\"#add8e6\",lightcoral:\"#f08080\",lightcyan:\"#e0ffff\",lightgoldenrodyellow:\"#fafad2\",lightgray:\"#d3d3d3\",lightgreen:\"#90ee90\",lightgrey:\"#d3d3d3\",lightpink:\"#ffb6c1\",lightsalmon:\"#ffa07a\",\nlightseagreen:\"#20b2aa\",lightskyblue:\"#87cefa\",lightslategray:\"#778899\",lightslategrey:\"#778899\",lightsteelblue:\"#b0c4de\",lightyellow:\"#ffffe0\",lime:\"#00ff00\",limegreen:\"#32cd32\",linen:\"#faf0e6\",magenta:\"#ff00ff\",maroon:\"#800000\",mediumaquamarine:\"#66cdaa\",mediumblue:\"#0000cd\",mediumorchid:\"#ba55d3\",mediumpurple:\"#9370db\",mediumseagreen:\"#3cb371\",mediumslateblue:\"#7b68ee\",mediumspringgreen:\"#00fa9a\",mediumturquoise:\"#48d1cc\",mediumvioletred:\"#c71585\",midnightblue:\"#191970\",mintcream:\"#f5fffa\",mistyrose:\"#ffe4e1\",\nmoccasin:\"#ffe4b5\",navajowhite:\"#ffdead\",navy:\"#000080\",oldlace:\"#fdf5e6\",olive:\"#808000\",olivedrab:\"#6b8e23\",orange:\"#ffa500\",orangered:\"#ff4500\",orchid:\"#da70d6\",palegoldenrod:\"#eee8aa\",palegreen:\"#98fb98\",paleturquoise:\"#afeeee\",palevioletred:\"#db7093\",papayawhip:\"#ffefd5\",peachpuff:\"#ffdab9\",peru:\"#cd853f\",pink:\"#ffc0cb\",plum:\"#dda0dd\",powderblue:\"#b0e0e6\",purple:\"#800080\",red:\"#ff0000\",rosybrown:\"#bc8f8f\",royalblue:\"#4169e1\",saddlebrown:\"#8b4513\",salmon:\"#fa8072\",sandybrown:\"#f4a460\",seagreen:\"#2e8b57\",\nseashell:\"#fff5ee\",sienna:\"#a0522d\",silver:\"#c0c0c0\",skyblue:\"#87ceeb\",slateblue:\"#6a5acd\",slategray:\"#708090\",slategrey:\"#708090\",snow:\"#fffafa\",springgreen:\"#00ff7f\",steelblue:\"#4682b4\",tan:\"#d2b48c\",teal:\"#008080\",thistle:\"#d8bfd8\",tomato:\"#ff6347\",turquoise:\"#40e0d0\",violet:\"#ee82ee\",wheat:\"#f5deb3\",white:\"#ffffff\",whitesmoke:\"#f5f5f5\",yellow:\"#ffff00\",yellowgreen:\"#9acd32\"};var ia=\"backgroundColor borderTopColor borderRightColor borderBottomColor borderLeftColor color outlineColor\".split(\" \"),ja=/#([0-9a-fA-F])([0-9a-fA-F])([0-9a-fA-F])/,ka=/^#(?:[0-9a-f]{3}){1,2}$/i,la=/^(?:rgba)?\\((\\d{1,3}),\\s?(\\d{1,3}),\\s?(\\d{1,3}),\\s?(0|1|0\\.\\d*)\\)$/i,ma=/^(?:rgb)?\\((0|[1-9]\\d{0,2}),\\s?(0|[1-9]\\d{0,2}),\\s?(0|[1-9]\\d{0,2})\\)$/i;function m(a,b){this.code=a;this.a=p[a]||r;this.message=b||\"\";a=this.a.replace(/((?:^|\\s+)[a-z])/g,function(c){return c.toUpperCase().replace(/^[\\s\\xa0]+/g,\"\")});b=a.length-5;if(0>b||a.indexOf(\"Error\",b)!=b)a+=\"Error\";this.name=a;a=Error(this.message);a.name=this.name;this.stack=a.stack||\"\"}ca(m,Error);var r=\"unknown error\",p={15:\"element not selectable\",11:\"element not visible\"};p[31]=r;p[30]=r;p[24]=\"invalid cookie domain\";p[29]=\"invalid element coordinates\";p[12]=\"invalid element state\";\np[32]=\"invalid selector\";p[51]=\"invalid selector\";p[52]=\"invalid selector\";p[17]=\"javascript error\";p[405]=\"unsupported operation\";p[34]=\"move target out of bounds\";p[27]=\"no such alert\";p[7]=\"no such element\";p[8]=\"no such frame\";p[23]=\"no such window\";p[28]=\"script timeout\";p[33]=\"session not created\";p[10]=\"stale element reference\";p[21]=\"timeout\";p[25]=\"unable to set cookie\";p[26]=\"unexpected alert open\";p[13]=r;p[9]=\"unknown command\";var u=String.prototype.trim?function(a){return a.trim()}:function(a){return/^[\\s\\xa0]*([\\s\\S]*?)[\\s\\xa0]*$/.exec(a)[1]};\nfunction na(a,b){var c=0;a=u(String(a)).split(\".\");b=u(String(b)).split(\".\");for(var e=Math.max(a.length,b.length),d=0;0==c&&d\u003Ce;d++){var f=a[d]||\"\",h=b[d]||\"\";do{f=/(\\d*)(\\D*)(.*)/.exec(f)||[\"\",\"\",\"\",\"\"];h=/(\\d*)(\\D*)(.*)/.exec(h)||[\"\",\"\",\"\",\"\"];if(0==f[0].length&&0==h[0].length)break;c=v(0==f[1].length?0:parseInt(f[1],10),0==h[1].length?0:parseInt(h[1],10))||v(0==f[2].length,0==h[2].length)||v(f[2],h[2]);f=f[3];h=h[3]}while(0==c)}return c}function v(a,b){return a\u003Cb?-1:a>b?1:0};var w;a:{var oa=g.navigator;if(oa){var sa=oa.userAgent;if(sa){w=sa;break a}}w=\"\"}function x(a){return-1!=w.indexOf(a)};function y(){return x(\"Firefox\")||x(\"FxiOS\")}function A(){return(x(\"Chrome\")||x(\"CriOS\"))&&!x(\"Edge\")};function ta(a){return String(a).replace(/\\-([a-z])/g,function(b,c){return c.toUpperCase()})};function B(){return x(\"iPhone\")&&!x(\"iPod\")&&!x(\"iPad\")};function ua(a,b){var c=va;return Object.prototype.hasOwnProperty.call(c,a)?c[a]:c[a]=b(a)};var wa=x(\"Opera\"),C=x(\"Trident\")||x(\"MSIE\"),xa=x(\"Edge\"),ya=x(\"Gecko\")&&!(-1!=w.toLowerCase().indexOf(\"webkit\")&&!x(\"Edge\"))&&!(x(\"Trident\")||x(\"MSIE\"))&&!x(\"Edge\"),za=-1!=w.toLowerCase().indexOf(\"webkit\")&&!x(\"Edge\");function Aa(){var a=g.document;return a?a.documentMode:void 0}var E;\na:{var F=\"\",G=function(){var a=w;if(ya)return/rv:([^\\);]+)(\\)|;)/.exec(a);if(xa)return/Edge\\/([\\d\\.]+)/.exec(a);if(C)return/\\b(?:MSIE|rv)[: ]([^\\);]+)(\\)|;)/.exec(a);if(za)return/WebKit\\/(\\S+)/.exec(a);if(wa)return/(?:Version)[ \\/]?(\\S+)/.exec(a)}();G&&(F=G?G[1]:\"\");if(C){var H=Aa();if(null!=H&&H>parseFloat(F)){E=String(H);break a}}E=F}var va={};function Ba(a){return ua(a,function(){return 0\u003C=na(E,a)})}var I;I=g.document&&C?Aa():void 0;var Ca=y(),Da=B()||x(\"iPod\"),Ea=x(\"iPad\"),Fa=x(\"Android\")&&!(A()||y()||x(\"Opera\")||x(\"Silk\")),Ga=A(),Ha=x(\"Safari\")&&!(A()||x(\"Coast\")||x(\"Opera\")||x(\"Edge\")||x(\"Edg/\")||x(\"OPR\")||y()||x(\"Silk\")||x(\"Android\"))&&!(B()||x(\"iPad\")||x(\"iPod\"));function J(a){return(a=a.exec(w))?a[1]:\"\"}(function(){if(Ca)return J(/Firefox\\/([0-9.]+)/);if(C||xa||wa)return E;if(Ga)return B()||x(\"iPad\")||x(\"iPod\")?J(/CriOS\\/([0-9.]+)/):J(/Chrome\\/([0-9.]+)/);if(Ha&&!(B()||x(\"iPad\")||x(\"iPod\")))return J(/Version\\/([0-9.]+)/);if(Da||Ea){var a=/Version\\/(\\S+).*Mobile\\/(\\S+)/.exec(w);if(a)return a[1]+\".\"+a[2]}else if(Fa)return(a=J(/Android\\s+([0-9.]+)/))?a:J(/Version\\/([0-9.]+)/);return\"\"})();var K;if(K=C)K=!(9\u003C=Number(I));var Ia=K;function L(a,b){this.x=void 0!==a?a:0;this.y=void 0!==b?b:0}L.prototype.ceil=function(){this.x=Math.ceil(this.x);this.y=Math.ceil(this.y);return this};L.prototype.floor=function(){this.x=Math.floor(this.x);this.y=Math.floor(this.y);return this};L.prototype.round=function(){this.x=Math.round(this.x);this.y=Math.round(this.y);return this};function M(a,b){this.width=a;this.height=b}M.prototype.aspectRatio=function(){return this.width/this.height};M.prototype.ceil=function(){this.width=Math.ceil(this.width);this.height=Math.ceil(this.height);return this};M.prototype.floor=function(){this.width=Math.floor(this.width);this.height=Math.floor(this.height);return this};M.prototype.round=function(){this.width=Math.round(this.width);this.height=Math.round(this.height);return this};function N(a){return 9==a.nodeType?a:a.ownerDocument||a.document}function Ja(a,b){a&&(a=a.parentNode);for(var c=0;a;){if(b(a))return a;a=a.parentNode;c++}return null}function Ka(a){this.a=a||g.document||document};function P(a,b){b&&\"string\"!==typeof b&&(b=b.toString());return!!a&&1==a.nodeType&&(!b||a.tagName.toUpperCase()==b)};function Q(a,b,c,e){this.f=a;this.a=b;this.b=c;this.c=e}Q.prototype.ceil=function(){this.f=Math.ceil(this.f);this.a=Math.ceil(this.a);this.b=Math.ceil(this.b);this.c=Math.ceil(this.c);return this};Q.prototype.floor=function(){this.f=Math.floor(this.f);this.a=Math.floor(this.a);this.b=Math.floor(this.b);this.c=Math.floor(this.c);return this};Q.prototype.round=function(){this.f=Math.round(this.f);this.a=Math.round(this.a);this.b=Math.round(this.b);this.c=Math.round(this.c);return this};function R(a,b,c,e){this.a=a;this.b=b;this.width=c;this.height=e}R.prototype.ceil=function(){this.a=Math.ceil(this.a);this.b=Math.ceil(this.b);this.width=Math.ceil(this.width);this.height=Math.ceil(this.height);return this};R.prototype.floor=function(){this.a=Math.floor(this.a);this.b=Math.floor(this.b);this.width=Math.floor(this.width);this.height=Math.floor(this.height);return this};\nR.prototype.round=function(){this.a=Math.round(this.a);this.b=Math.round(this.b);this.width=Math.round(this.width);this.height=Math.round(this.height);return this};var La=\"function\"===typeof ShadowRoot;function S(a){for(a=a.parentNode;a&&1!=a.nodeType&&9!=a.nodeType&&11!=a.nodeType;)a=a.parentNode;return P(a)?a:null}\nfunction T(a,b){b=ta(b);if(\"float\"==b||\"cssFloat\"==b||\"styleFloat\"==b)b=Ia?\"styleFloat\":\"cssFloat\";a:{var c=b;var e=N(a);if(e.defaultView&&e.defaultView.getComputedStyle&&(e=e.defaultView.getComputedStyle(a,null))){c=e[c]||e.getPropertyValue(c)||\"\";break a}c=\"\"}a=c||Ma(a,b);if(null===a)a=null;else if(0\u003C=da(ia,b)){b:{var d=a.match(la);if(d&&(b=Number(d[1]),c=Number(d[2]),e=Number(d[3]),d=Number(d[4]),0\u003C=b&&255>=b&&0\u003C=c&&255>=c&&0\u003C=e&&255>=e&&0\u003C=d&&1>=d)){b=[b,c,e,d];break b}b=null}if(!b)b:{if(e=a.match(ma))if(b=\nNumber(e[1]),c=Number(e[2]),e=Number(e[3]),0\u003C=b&&255>=b&&0\u003C=c&&255>=c&&0\u003C=e&&255>=e){b=[b,c,e,1];break b}b=null}if(!b)b:{b=a.toLowerCase();c=ha[b.toLowerCase()];if(!c&&(c=\"#\"==b.charAt(0)?b:\"#\"+b,4==c.length&&(c=c.replace(ja,\"#$1$1$2$2$3$3\")),!ka.test(c))){b=null;break b}b=[parseInt(c.substr(1,2),16),parseInt(c.substr(3,2),16),parseInt(c.substr(5,2),16),1]}a=b?\"rgba(\"+b.join(\", \")+\")\":a}return a}\nfunction Ma(a,b){var c=a.currentStyle||a.style,e=c[b];void 0===e&&\"function\"==aa(c.getPropertyValue)&&(e=c.getPropertyValue(b));return\"inherit\"!=e?void 0!==e?e:null:(a=S(a))?Ma(a,b):null}\nfunction U(a,b,c){function e(h){var n=V(h);return 0\u003Cn.height&&0\u003Cn.width?!0:P(h,\"PATH\")&&(0\u003Cn.height||0\u003Cn.width)?(h=T(h,\"stroke-width\"),!!h&&0\u003CparseInt(h,10)):\"hidden\"!=T(h,\"overflow\")&&ea(h.childNodes,function(D){return 3==D.nodeType||P(D)&&e(D)})}function d(h){return Na(h)==W&&fa(h.childNodes,function(n){return!P(n)||d(n)||!e(n)})}if(!P(a))throw Error(\"Argument to isShown must be of type Element\");if(P(a,\"BODY\"))return!0;if(P(a,\"OPTION\")||P(a,\"OPTGROUP\"))return a=Ja(a,function(h){return P(h,\"SELECT\")}),\n!!a&&U(a,!0,c);var f=Oa(a);if(f)return!!f.image&&0\u003Cf.rect.width&&0\u003Cf.rect.height&&U(f.image,b,c);if(P(a,\"INPUT\")&&\"hidden\"==a.type.toLowerCase()||P(a,\"NOSCRIPT\"))return!1;f=T(a,\"visibility\");return\"collapse\"!=f&&\"hidden\"!=f&&c(a)&&(b||0!=Pa(a))&&e(a)?!d(a):!1}var W=\"hidden\";\nfunction Na(a){function b(k){function l(ba){if(ba==h)return!0;var pa=T(ba,\"display\");return 0==pa.lastIndexOf(\"inline\",0)||\"contents\"==pa||\"absolute\"==qa&&\"static\"==T(ba,\"position\")?!1:!0}var qa=T(k,\"position\");if(\"fixed\"==qa)return ra=!0,k==h?null:h;for(k=S(k);k&&!l(k);)k=S(k);return k}function c(k){var l=k;if(\"visible\"==D)if(k==h&&n)l=n;else if(k==n)return{x:\"visible\",y:\"visible\"};l={x:T(l,\"overflow-x\"),y:T(l,\"overflow-y\")};k==h&&(l.x=\"visible\"==l.x?\"auto\":l.x,l.y=\"visible\"==l.y?\"auto\":l.y);return l}\nfunction e(k){if(k==h){var l=(new Ka(f)).a;k=l.scrollingElement?l.scrollingElement:za||\"CSS1Compat\"!=l.compatMode?l.body||l.documentElement:l.documentElement;l=l.parentWindow||l.defaultView;k=C&&Ba(\"10\")&&l.pageYOffset!=k.scrollTop?new L(k.scrollLeft,k.scrollTop):new L(l.pageXOffset||k.scrollLeft,l.pageYOffset||k.scrollTop)}else k=new L(k.scrollLeft,k.scrollTop);return k}var d=Qa(a),f=N(a),h=f.documentElement,n=f.body,D=T(h,\"overflow\"),ra;for(a=b(a);a;a=b(a)){var q=c(a);if(\"visible\"!=q.x||\"visible\"!=\nq.y){var t=V(a);if(0==t.width||0==t.height)return W;var z=d.a\u003Ct.a,O=d.b\u003Ct.b;if(z&&\"hidden\"==q.x||O&&\"hidden\"==q.y)return W;if(z&&\"visible\"!=q.x||O&&\"visible\"!=q.y){z=e(a);O=d.b\u003Ct.b-z.y;if(d.a\u003Ct.a-z.x&&\"visible\"!=q.x||O&&\"visible\"!=q.x)return W;d=Na(a);return d==W?W:\"scroll\"}z=d.c>=t.a+t.width;t=d.f>=t.b+t.height;if(z&&\"hidden\"==q.x||t&&\"hidden\"==q.y)return W;if(z&&\"visible\"!=q.x||t&&\"visible\"!=q.y){if(ra&&(q=e(a),d.c>=h.scrollWidth-q.x||d.a>=h.scrollHeight-q.y))return W;d=Na(a);return d==W?W:\"scroll\"}}}return\"none\"}\nfunction V(a){var b=Oa(a);if(b)return b.rect;if(P(a,\"HTML\"))return a=N(a),a=((a?a.parentWindow||a.defaultView:window)||window).document,a=\"CSS1Compat\"==a.compatMode?a.documentElement:a.body,a=new M(a.clientWidth,a.clientHeight),new R(0,0,a.width,a.height);try{var c=a.getBoundingClientRect()}catch(e){return new R(0,0,0,0)}b=new R(c.left,c.top,c.right-c.left,c.bottom-c.top);C&&a.ownerDocument.body&&(a=N(a),b.a-=a.documentElement.clientLeft+a.body.clientLeft,b.b-=a.documentElement.clientTop+a.body.clientTop);\nreturn b}\nfunction Oa(a){var b=P(a,\"MAP\");if(!b&&!P(a,\"AREA\"))return null;var c=b?a:P(a.parentNode,\"MAP\")?a.parentNode:null,e=null,d=null;if(c&&c.name){e='*[usemap=\"#'+c.name+'\"]';c=N(c);var f;if(f=\"function\"!=aa(c.querySelector)&&C&&(C?0\u003C=na(I,8):Ba(8))){f=c.querySelector;var h=typeof f;f=!(\"object\"==h&&null!=f||\"function\"==h)}if(f)throw Error(\"CSS selection is not supported\");if(!e)throw new m(32,\"No selector specified\");e=u(e);try{var n=c.querySelector(e)}catch(D){throw new m(32,\"An invalid or illegal selector was specified\");}if(e=\nn&&1==n.nodeType?n:null)d=V(e),b||\"default\"==a.shape.toLowerCase()||(a=Ra(a),b=Math.min(Math.max(a.a,0),d.width),n=Math.min(Math.max(a.b,0),d.height),d=new R(b+d.a,n+d.b,Math.min(a.width,d.width-b),Math.min(a.height,d.height-n)))}return{image:e,rect:d||new R(0,0,0,0)}}\nfunction Ra(a){var b=a.shape.toLowerCase();a=a.coords.split(\",\");if(\"rect\"==b&&4==a.length){b=a[0];var c=a[1];return new R(b,c,a[2]-b,a[3]-c)}if(\"circle\"==b&&3==a.length)return b=a[2],new R(a[0]-b,a[1]-b,2*b,2*b);if(\"poly\"==b&&2\u003Ca.length){b=a[0];c=a[1];for(var e=b,d=c,f=2;f+1\u003Ca.length;f+=2)b=Math.min(b,a[f]),e=Math.max(e,a[f]),c=Math.min(c,a[f+1]),d=Math.max(d,a[f+1]);return new R(b,c,e-b,d-c)}return new R(0,0,0,0)}function Qa(a){a=V(a);return new Q(a.b,a.a+a.width,a.b+a.height,a.a)}\nfunction Pa(a){if(Ia){if(\"relative\"==T(a,\"position\"))return 1;a=T(a,\"filter\");return(a=a.match(/^alpha\\(opacity=(\\d*)\\)/)||a.match(/^progid:DXImageTransform.Microsoft.Alpha\\(Opacity=(\\d*)\\)/))?Number(a[1])/100:1}return Sa(a)}function Sa(a){var b=1,c=T(a,\"opacity\");c&&(b=Number(c));(a=S(a))&&(b*=Sa(a));return b};function Ta(a,b){function c(e){if(P(e)&&\"none\"==T(e,\"display\"))return!1;var d;if((d=e.parentNode)&&d.shadowRoot&&void 0!==e.assignedSlot)d=e.assignedSlot?e.assignedSlot.parentNode:null;else if(e.getDestinationInsertionPoints){var f=e.getDestinationInsertionPoints();0\u003Cf.length&&(d=f[f.length-1])}if(La&&d instanceof ShadowRoot){if(d.host.shadowRoot&&d.host.shadowRoot!==d)return!1;d=d.host}return!d||9!=d.nodeType&&11!=d.nodeType?d&&P(d,\"DETAILS\")&&!d.open&&!P(e,\"SUMMARY\")?!1:!!d&&c(d):!0}return U(a,\n!!b,c)}var X=[\"_\"],Y=g;X[0]in Y||\"undefined\"==typeof Y.execScript||Y.execScript(\"var \"+X[0]);for(var Z;X.length&&(Z=X.shift());)X.length||void 0===Ta?Y[Z]&&Y[Z]!==Object.prototype[Z]?Y=Y[Z]:Y=Y[Z]={}:Y[Z]=Ta;; return this._.apply(null,arguments);}).apply({navigator:typeof window!='undefined'?window.navigator:null,document:typeof window!='undefined'?window.document:null}, arguments);}\n).apply(null, arguments);"
}
[1731868485.344][INFO]: Waiting for pending navigations...
[1731868485.345][INFO]: Done waiting for pending navigations. Status: ok
[1731868485.355][INFO]: Waiting for pending navigations...
[1731868485.356][INFO]: Done waiting for pending navigations. Status: ok
[1731868485.356][INFO]: [4361b112340dbee3d7d40d771a551f7b] RESPONSE ExecuteScript true
[1731868485.361][INFO]: [4361b112340dbee3d7d40d771a551f7b] COMMAND IsElementEnabled {
   "id": "f.360B2B3062DB0D08F76F0AE99E91E1C3.d.708035518786A60672092C4BD25B1731.e.17"
}
[1731868485.361][INFO]: Waiting for pending navigations...
[1731868485.362][INFO]: Done waiting for pending navigations. Status: ok
[1731868485.374][INFO]: Waiting for pending navigations...
[1731868485.375][INFO]: Done waiting for pending navigations. Status: ok
[1731868485.375][INFO]: [4361b112340dbee3d7d40d771a551f7b] RESPONSE IsElementEnabled true
[1731868485.378][INFO]: [4361b112340dbee3d7d40d771a551f7b] COMMAND ClickElement {
   "id": "f.360B2B3062DB0D08F76F0AE99E91E1C3.d.708035518786A60672092C4BD25B1731.e.17"
}
[1731868485.378][INFO]: Waiting for pending navigations...
[1731868485.379][INFO]: Done waiting for pending navigations. Status: ok
[1731868485.471][INFO]: Waiting for pending navigations...
[1731868487.721][INFO]: Done waiting for pending navigations. Status: ok
[1731868487.721][INFO]: [4361b112340dbee3d7d40d771a551f7b] RESPONSE ClickElement
[1731868489.732][INFO]: [4361b112340dbee3d7d40d771a551f7b] COMMAND GetUrl {
}
[1731868489.732][INFO]: Waiting for pending navigations...
[1731868489.733][INFO]: Done waiting for pending navigations. Status: ok
[1731868489.737][INFO]: Waiting for pending navigations...
[1731868489.737][INFO]: Done waiting for pending navigations. Status: ok
[1731868489.737][INFO]: [4361b112340dbee3d7d40d771a551f7b] RESPONSE GetUrl "https://leetcode.com/problemset/"
[1731868489.742][INFO]: [4361b112340dbee3d7d40d771a551f7b] COMMAND FindElements {
   "using": "xpath",
   "value": "//div[@role='rowgroup']//div/div[@class='truncate']/a"
}
[1731868489.742][INFO]: Waiting for pending navigations...
[1731868489.743][INFO]: Done waiting for pending navigations. Status: ok
[1731868489.759][INFO]: Waiting for pending navigations...
[1731868489.760][INFO]: Done waiting for pending navigations. Status: ok
[1731868489.760][INFO]: [4361b112340dbee3d7d40d771a551f7b] RESPONSE FindElements [ {
   "element-6066-11e4-a52e-4f735466cecf": "f.360B2B3062DB0D08F76F0AE99E91E1C3.d.FFB264D7FCF6D99FB4750B75DE14653E.e.66"
}, {
   "element-6066-11e4-a52e-4f735466cecf": "f.360B2B3062DB0D08F76F0AE99E91E1C3.d.FFB264D7FCF6D99FB4750B75DE14653E.e.67"
}, {
   "element-6066-11e4-a52e-4f735466cecf": "f.360B2B3062DB0D08F76F0AE99E91E1C3.d.FFB264D7FCF6D99FB4750B75DE14653E.e.68"
}, {
   "element-6066-11e4-a52e-4f735466cecf": "f.360B2B3062DB0D08F76F0AE99E91E1C3.d.FFB264D7FCF6D99FB4750B75DE14653E.e.69"
}, {
   "element-6066-11e4-a52e-4f735466cecf": "f.360B2B3062DB0D08F76F0AE99E91E1C3.d.FFB264D7FCF6D99FB4750B75DE14653E.e.70"
}, {
   "element-6066-11e4-a52e-4f735466cecf": "f.360B2B3062DB0D08F76F0AE99E91E1C3.d.FFB264D7FCF6D99FB4750B75DE14653E.e.71"
}, {
   "element-6066-11e4-a52e-4f735466cecf": "f.360B2B3062DB0D08F76F0AE99E91E1C3.d.FFB264D7FCF6D99FB4750B75DE14653E.e.72"
}, {
   "element-6066-11e4-a52e-4f735466cecf": "f.360B2B3062DB0D08F76F0AE99E91E1C3.d.FFB264D7FCF6D99FB4750B75DE14653E.e.73"
}, {
   "element-6066-11e4-a52e-4f735466cecf": "f.360B2B3062DB0D08F76F0AE99E91E1C3.d.FFB264D7FCF6D99FB4750B75DE14653E.e.74"
}, {
   "element-6066-11e4-a52e-4f735466cecf": "f.360B2B3062DB0D08F76F0AE99E91E1C3.d.FFB264D7FCF6D99FB4750B75DE14653E.e.75"
}, {
   "element-6066-11e4-a52e-4f735466cecf": "f.360B2B3062DB0D08F76F0AE99E91E1C3.d.FFB264D7FCF6D99FB4750B75DE14653E.e.76"
}, {
   "element-6066-11e4-a52e-4f735466cecf": "f.360B2B3062DB0D08F76F0AE99E91E1C3.d.FFB264D7FCF6D99FB4750B75DE14653E.e.77"
}, {
   "element-6066-11e4-a52e-4f735466cecf": "f.360B2B3062DB0D08F76F0AE99E91E1C3.d.FFB264D7FCF6D99FB4750B75DE14653E.e.78"
}, {
   "element-6066-11e4-a52e-4f735466cecf": "f.360B2B3062DB0D08F76F0AE99E91E1C3.d.FFB264D7FCF6D99FB4750B75DE14653E.e.79"
}, {
   "element-6066-11e4-a52e-4f735466cecf": "f.360B2B3062DB0D08F76F0AE99E91E1C3.d.FFB264D7FCF6D99FB4750B75DE14653E.e.80"
}, {
   "element-6066-11e4-a52e-4f735466cecf": "f.360B2B3062DB0D08F76F0AE99E91E1C3.d.FFB264D7FCF6D99FB4750B75DE14653E.e.81"
}, {
   "element-6066-11e4-a52e-4f735466cecf": "f.360B2B3062DB0D08F76F0AE99E91E1C3.d.FFB264D7FCF6D99FB4750B75DE14653E.e.82"
}, {
   "element-6066-11e4-a52e-4f735466cecf": "f.360B2B3062DB0D08F76F0AE99E91E1C3.d.FFB264D7FCF6D99FB4750B75DE14653E.e.83"
}, {
   "element-6066-11e4-a52e-4f735466cecf": "f.360B2B3062DB0D08F76F0AE99E91E1C3.d.FFB264D7FCF6D99FB4750B75DE14653E.e.84"
}, "..." ]
[1731868489.768][INFO]: [4361b112340dbee3d7d40d771a551f7b] COMMAND GetElementText {
   "id": "f.360B2B3062DB0D08F76F0AE99E91E1C3.d.FFB264D7FCF6D99FB4750B75DE14653E.e.67"
}
[1731868489.768][INFO]: Waiting for pending navigations...
[1731868489.769][INFO]: Done waiting for pending navigations. Status: ok
[1731868489.780][INFO]: Waiting for pending navigations...
[1731868489.781][INFO]: Done waiting for pending navigations. Status: ok
[1731868489.781][INFO]: [4361b112340dbee3d7d40d771a551f7b] RESPONSE GetElementText "1. Two Sum"
[1731868489.784][INFO]: [4361b112340dbee3d7d40d771a551f7b] COMMAND GetElementText {
   "id": "f.360B2B3062DB0D08F76F0AE99E91E1C3.d.FFB264D7FCF6D99FB4750B75DE14653E.e.68"
}
[1731868489.784][INFO]: Waiting for pending navigations...
[1731868489.784][INFO]: Done waiting for pending navigations. Status: ok
[1731868489.790][INFO]: Waiting for pending navigations...
[1731868489.791][INFO]: Done waiting for pending navigations. Status: ok
[1731868489.791][INFO]: [4361b112340dbee3d7d40d771a551f7b] RESPONSE GetElementText "2. Add Two Numbers"
[1731868489.793][INFO]: [4361b112340dbee3d7d40d771a551f7b] COMMAND GetElementText {
   "id": "f.360B2B3062DB0D08F76F0AE99E91E1C3.d.FFB264D7FCF6D99FB4750B75DE14653E.e.69"
}
[1731868489.793][INFO]: Waiting for pending navigations...
[1731868489.795][INFO]: Done waiting for pending navigations. Status: ok
[1731868489.801][INFO]: Waiting for pending navigations...
[1731868489.801][INFO]: Done waiting for pending navigations. Status: ok
[1731868489.801][INFO]: [4361b112340dbee3d7d40d771a551f7b] RESPONSE GetElementText "3. Longest Substring Without Repeating Characters"
[1731868489.803][INFO]: [4361b112340dbee3d7d40d771a551f7b] COMMAND GetElementText {
   "id": "f.360B2B3062DB0D08F76F0AE99E91E1C3.d.FFB264D7FCF6D99FB4750B75DE14653E.e.70"
}
[1731868489.803][INFO]: Waiting for pending navigations...
[1731868489.804][INFO]: Done waiting for pending navigations. Status: ok
[1731868489.813][INFO]: Waiting for pending navigations...
[1731868489.813][INFO]: Done waiting for pending navigations. Status: ok
[1731868489.813][INFO]: [4361b112340dbee3d7d40d771a551f7b] RESPONSE GetElementText "4. Median of Two Sorted Arrays"
[1731868489.817][INFO]: [4361b112340dbee3d7d40d771a551f7b] COMMAND GetElementText {
   "id": "f.360B2B3062DB0D08F76F0AE99E91E1C3.d.FFB264D7FCF6D99FB4750B75DE14653E.e.71"
}
[1731868489.817][INFO]: Waiting for pending navigations...
[1731868489.818][INFO]: Done waiting for pending navigations. Status: ok
[1731868489.826][INFO]: Waiting for pending navigations...
[1731868489.826][INFO]: Done waiting for pending navigations. Status: ok
[1731868489.826][INFO]: [4361b112340dbee3d7d40d771a551f7b] RESPONSE GetElementText "5. Longest Palindromic Substring"
[1731868489.830][INFO]: [4361b112340dbee3d7d40d771a551f7b] COMMAND GetElementText {
   "id": "f.360B2B3062DB0D08F76F0AE99E91E1C3.d.FFB264D7FCF6D99FB4750B75DE14653E.e.67"
}
[1731868489.830][INFO]: Waiting for pending navigations...
[1731868489.831][INFO]: Done waiting for pending navigations. Status: ok
[1731868489.839][INFO]: Waiting for pending navigations...
[1731868489.840][INFO]: Done waiting for pending navigations. Status: ok
[1731868489.840][INFO]: [4361b112340dbee3d7d40d771a551f7b] RESPONSE GetElementText "1. Two Sum"
[1731868489.843][INFO]: [4361b112340dbee3d7d40d771a551f7b] COMMAND ClickElement {
   "id": "f.360B2B3062DB0D08F76F0AE99E91E1C3.d.FFB264D7FCF6D99FB4750B75DE14653E.e.67"
}
[1731868489.843][INFO]: Waiting for pending navigations...
[1731868489.844][INFO]: Done waiting for pending navigations. Status: ok
[1731868489.922][INFO]: Waiting for pending navigations...
[1731868491.925][INFO]: Done waiting for pending navigations. Status: ok
[1731868491.925][INFO]: [4361b112340dbee3d7d40d771a551f7b] RESPONSE ClickElement
[1731868491.950][INFO]: [4361b112340dbee3d7d40d771a551f7b] COMMAND FindElement {
   "using": "xpath",
   "value": "//div[@class='flex items-start gap-2']//div/a"
}
[1731868491.950][INFO]: Waiting for pending navigations...
[1731868491.960][INFO]: Done waiting for pending navigations. Status: ok
[1731868493.021][INFO]: Waiting for pending navigations...
[1731868493.041][INFO]: Done waiting for pending navigations. Status: ok
[1731868493.041][INFO]: [4361b112340dbee3d7d40d771a551f7b] RESPONSE FindElement {
   "element-6066-11e4-a52e-4f735466cecf": "f.360B2B3062DB0D08F76F0AE99E91E1C3.d.46C559907EF92628DBB94F1FC9269F44.e.124"
}
[1731868493.051][INFO]: [4361b112340dbee3d7d40d771a551f7b] COMMAND ExecuteScript {
   "args": [ {
      "element-6066-11e4-a52e-4f735466cecf": "f.360B2B3062DB0D08F76F0AE99E91E1C3.d.46C559907EF92628DBB94F1FC9269F44.e.124"
   } ],
   "script": "/* isDisplayed */return (function(){return (function(){var g=this||self;\nfunction aa(a){var b=typeof a;if(\"object\"==b)if(a){if(a instanceof Array)return\"array\";if(a instanceof Object)return b;var c=Object.prototype.toString.call(a);if(\"[object Window]\"==c)return\"object\";if(\"[object Array]\"==c||\"number\"==typeof a.length&&\"undefined\"!=typeof a.splice&&\"undefined\"!=typeof a.propertyIsEnumerable&&!a.propertyIsEnumerable(\"splice\"))return\"array\";if(\"[object Function]\"==c||\"undefined\"!=typeof a.call&&\"undefined\"!=typeof a.propertyIsEnumerable&&!a.propertyIsEnumerable(\"call\"))return\"function\"}else return\"null\";else if(\"function\"==\nb&&\"undefined\"==typeof a.call)return\"object\";return b}function ca(a,b){function c(){}c.prototype=b.prototype;a.prototype=new c;a.prototype.constructor=a};var da=Array.prototype.indexOf?function(a,b){return Array.prototype.indexOf.call(a,b,void 0)}:function(a,b){if(\"string\"===typeof a)return\"string\"!==typeof b||1!=b.length?-1:a.indexOf(b,0);for(var c=0;c\u003Ca.length;c++)if(c in a&&a[c]===b)return c;return-1},ea=Array.prototype.some?function(a,b){return Array.prototype.some.call(a,b,void 0)}:function(a,b){for(var c=a.length,e=\"string\"===typeof a?a.split(\"\"):a,d=0;d\u003Cc;d++)if(d in e&&b.call(void 0,e[d],d,a))return!0;return!1},fa=Array.prototype.every?function(a,\nb){return Array.prototype.every.call(a,b,void 0)}:function(a,b){for(var c=a.length,e=\"string\"===typeof a?a.split(\"\"):a,d=0;d\u003Cc;d++)if(d in e&&!b.call(void 0,e[d],d,a))return!1;return!0};var ha={aliceblue:\"#f0f8ff\",antiquewhite:\"#faebd7\",aqua:\"#00ffff\",aquamarine:\"#7fffd4\",azure:\"#f0ffff\",beige:\"#f5f5dc\",bisque:\"#ffe4c4\",black:\"#000000\",blanchedalmond:\"#ffebcd\",blue:\"#0000ff\",blueviolet:\"#8a2be2\",brown:\"#a52a2a\",burlywood:\"#deb887\",cadetblue:\"#5f9ea0\",chartreuse:\"#7fff00\",chocolate:\"#d2691e\",coral:\"#ff7f50\",cornflowerblue:\"#6495ed\",cornsilk:\"#fff8dc\",crimson:\"#dc143c\",cyan:\"#00ffff\",darkblue:\"#00008b\",darkcyan:\"#008b8b\",darkgoldenrod:\"#b8860b\",darkgray:\"#a9a9a9\",darkgreen:\"#006400\",\ndarkgrey:\"#a9a9a9\",darkkhaki:\"#bdb76b\",darkmagenta:\"#8b008b\",darkolivegreen:\"#556b2f\",darkorange:\"#ff8c00\",darkorchid:\"#9932cc\",darkred:\"#8b0000\",darksalmon:\"#e9967a\",darkseagreen:\"#8fbc8f\",darkslateblue:\"#483d8b\",darkslategray:\"#2f4f4f\",darkslategrey:\"#2f4f4f\",darkturquoise:\"#00ced1\",darkviolet:\"#9400d3\",deeppink:\"#ff1493\",deepskyblue:\"#00bfff\",dimgray:\"#696969\",dimgrey:\"#696969\",dodgerblue:\"#1e90ff\",firebrick:\"#b22222\",floralwhite:\"#fffaf0\",forestgreen:\"#228b22\",fuchsia:\"#ff00ff\",gainsboro:\"#dcdcdc\",\nghostwhite:\"#f8f8ff\",gold:\"#ffd700\",goldenrod:\"#daa520\",gray:\"#808080\",green:\"#008000\",greenyellow:\"#adff2f\",grey:\"#808080\",honeydew:\"#f0fff0\",hotpink:\"#ff69b4\",indianred:\"#cd5c5c\",indigo:\"#4b0082\",ivory:\"#fffff0\",khaki:\"#f0e68c\",lavender:\"#e6e6fa\",lavenderblush:\"#fff0f5\",lawngreen:\"#7cfc00\",lemonchiffon:\"#fffacd\",lightblue:\"#add8e6\",lightcoral:\"#f08080\",lightcyan:\"#e0ffff\",lightgoldenrodyellow:\"#fafad2\",lightgray:\"#d3d3d3\",lightgreen:\"#90ee90\",lightgrey:\"#d3d3d3\",lightpink:\"#ffb6c1\",lightsalmon:\"#ffa07a\",\nlightseagreen:\"#20b2aa\",lightskyblue:\"#87cefa\",lightslategray:\"#778899\",lightslategrey:\"#778899\",lightsteelblue:\"#b0c4de\",lightyellow:\"#ffffe0\",lime:\"#00ff00\",limegreen:\"#32cd32\",linen:\"#faf0e6\",magenta:\"#ff00ff\",maroon:\"#800000\",mediumaquamarine:\"#66cdaa\",mediumblue:\"#0000cd\",mediumorchid:\"#ba55d3\",mediumpurple:\"#9370db\",mediumseagreen:\"#3cb371\",mediumslateblue:\"#7b68ee\",mediumspringgreen:\"#00fa9a\",mediumturquoise:\"#48d1cc\",mediumvioletred:\"#c71585\",midnightblue:\"#191970\",mintcream:\"#f5fffa\",mistyrose:\"#ffe4e1\",\nmoccasin:\"#ffe4b5\",navajowhite:\"#ffdead\",navy:\"#000080\",oldlace:\"#fdf5e6\",olive:\"#808000\",olivedrab:\"#6b8e23\",orange:\"#ffa500\",orangered:\"#ff4500\",orchid:\"#da70d6\",palegoldenrod:\"#eee8aa\",palegreen:\"#98fb98\",paleturquoise:\"#afeeee\",palevioletred:\"#db7093\",papayawhip:\"#ffefd5\",peachpuff:\"#ffdab9\",peru:\"#cd853f\",pink:\"#ffc0cb\",plum:\"#dda0dd\",powderblue:\"#b0e0e6\",purple:\"#800080\",red:\"#ff0000\",rosybrown:\"#bc8f8f\",royalblue:\"#4169e1\",saddlebrown:\"#8b4513\",salmon:\"#fa8072\",sandybrown:\"#f4a460\",seagreen:\"#2e8b57\",\nseashell:\"#fff5ee\",sienna:\"#a0522d\",silver:\"#c0c0c0\",skyblue:\"#87ceeb\",slateblue:\"#6a5acd\",slategray:\"#708090\",slategrey:\"#708090\",snow:\"#fffafa\",springgreen:\"#00ff7f\",steelblue:\"#4682b4\",tan:\"#d2b48c\",teal:\"#008080\",thistle:\"#d8bfd8\",tomato:\"#ff6347\",turquoise:\"#40e0d0\",violet:\"#ee82ee\",wheat:\"#f5deb3\",white:\"#ffffff\",whitesmoke:\"#f5f5f5\",yellow:\"#ffff00\",yellowgreen:\"#9acd32\"};var ia=\"backgroundColor borderTopColor borderRightColor borderBottomColor borderLeftColor color outlineColor\".split(\" \"),ja=/#([0-9a-fA-F])([0-9a-fA-F])([0-9a-fA-F])/,ka=/^#(?:[0-9a-f]{3}){1,2}$/i,la=/^(?:rgba)?\\((\\d{1,3}),\\s?(\\d{1,3}),\\s?(\\d{1,3}),\\s?(0|1|0\\.\\d*)\\)$/i,ma=/^(?:rgb)?\\((0|[1-9]\\d{0,2}),\\s?(0|[1-9]\\d{0,2}),\\s?(0|[1-9]\\d{0,2})\\)$/i;function m(a,b){this.code=a;this.a=p[a]||r;this.message=b||\"\";a=this.a.replace(/((?:^|\\s+)[a-z])/g,function(c){return c.toUpperCase().replace(/^[\\s\\xa0]+/g,\"\")});b=a.length-5;if(0>b||a.indexOf(\"Error\",b)!=b)a+=\"Error\";this.name=a;a=Error(this.message);a.name=this.name;this.stack=a.stack||\"\"}ca(m,Error);var r=\"unknown error\",p={15:\"element not selectable\",11:\"element not visible\"};p[31]=r;p[30]=r;p[24]=\"invalid cookie domain\";p[29]=\"invalid element coordinates\";p[12]=\"invalid element state\";\np[32]=\"invalid selector\";p[51]=\"invalid selector\";p[52]=\"invalid selector\";p[17]=\"javascript error\";p[405]=\"unsupported operation\";p[34]=\"move target out of bounds\";p[27]=\"no such alert\";p[7]=\"no such element\";p[8]=\"no such frame\";p[23]=\"no such window\";p[28]=\"script timeout\";p[33]=\"session not created\";p[10]=\"stale element reference\";p[21]=\"timeout\";p[25]=\"unable to set cookie\";p[26]=\"unexpected alert open\";p[13]=r;p[9]=\"unknown command\";var u=String.prototype.trim?function(a){return a.trim()}:function(a){return/^[\\s\\xa0]*([\\s\\S]*?)[\\s\\xa0]*$/.exec(a)[1]};\nfunction na(a,b){var c=0;a=u(String(a)).split(\".\");b=u(String(b)).split(\".\");for(var e=Math.max(a.length,b.length),d=0;0==c&&d\u003Ce;d++){var f=a[d]||\"\",h=b[d]||\"\";do{f=/(\\d*)(\\D*)(.*)/.exec(f)||[\"\",\"\",\"\",\"\"];h=/(\\d*)(\\D*)(.*)/.exec(h)||[\"\",\"\",\"\",\"\"];if(0==f[0].length&&0==h[0].length)break;c=v(0==f[1].length?0:parseInt(f[1],10),0==h[1].length?0:parseInt(h[1],10))||v(0==f[2].length,0==h[2].length)||v(f[2],h[2]);f=f[3];h=h[3]}while(0==c)}return c}function v(a,b){return a\u003Cb?-1:a>b?1:0};var w;a:{var oa=g.navigator;if(oa){var sa=oa.userAgent;if(sa){w=sa;break a}}w=\"\"}function x(a){return-1!=w.indexOf(a)};function y(){return x(\"Firefox\")||x(\"FxiOS\")}function A(){return(x(\"Chrome\")||x(\"CriOS\"))&&!x(\"Edge\")};function ta(a){return String(a).replace(/\\-([a-z])/g,function(b,c){return c.toUpperCase()})};function B(){return x(\"iPhone\")&&!x(\"iPod\")&&!x(\"iPad\")};function ua(a,b){var c=va;return Object.prototype.hasOwnProperty.call(c,a)?c[a]:c[a]=b(a)};var wa=x(\"Opera\"),C=x(\"Trident\")||x(\"MSIE\"),xa=x(\"Edge\"),ya=x(\"Gecko\")&&!(-1!=w.toLowerCase().indexOf(\"webkit\")&&!x(\"Edge\"))&&!(x(\"Trident\")||x(\"MSIE\"))&&!x(\"Edge\"),za=-1!=w.toLowerCase().indexOf(\"webkit\")&&!x(\"Edge\");function Aa(){var a=g.document;return a?a.documentMode:void 0}var E;\na:{var F=\"\",G=function(){var a=w;if(ya)return/rv:([^\\);]+)(\\)|;)/.exec(a);if(xa)return/Edge\\/([\\d\\.]+)/.exec(a);if(C)return/\\b(?:MSIE|rv)[: ]([^\\);]+)(\\)|;)/.exec(a);if(za)return/WebKit\\/(\\S+)/.exec(a);if(wa)return/(?:Version)[ \\/]?(\\S+)/.exec(a)}();G&&(F=G?G[1]:\"\");if(C){var H=Aa();if(null!=H&&H>parseFloat(F)){E=String(H);break a}}E=F}var va={};function Ba(a){return ua(a,function(){return 0\u003C=na(E,a)})}var I;I=g.document&&C?Aa():void 0;var Ca=y(),Da=B()||x(\"iPod\"),Ea=x(\"iPad\"),Fa=x(\"Android\")&&!(A()||y()||x(\"Opera\")||x(\"Silk\")),Ga=A(),Ha=x(\"Safari\")&&!(A()||x(\"Coast\")||x(\"Opera\")||x(\"Edge\")||x(\"Edg/\")||x(\"OPR\")||y()||x(\"Silk\")||x(\"Android\"))&&!(B()||x(\"iPad\")||x(\"iPod\"));function J(a){return(a=a.exec(w))?a[1]:\"\"}(function(){if(Ca)return J(/Firefox\\/([0-9.]+)/);if(C||xa||wa)return E;if(Ga)return B()||x(\"iPad\")||x(\"iPod\")?J(/CriOS\\/([0-9.]+)/):J(/Chrome\\/([0-9.]+)/);if(Ha&&!(B()||x(\"iPad\")||x(\"iPod\")))return J(/Version\\/([0-9.]+)/);if(Da||Ea){var a=/Version\\/(\\S+).*Mobile\\/(\\S+)/.exec(w);if(a)return a[1]+\".\"+a[2]}else if(Fa)return(a=J(/Android\\s+([0-9.]+)/))?a:J(/Version\\/([0-9.]+)/);return\"\"})();var K;if(K=C)K=!(9\u003C=Number(I));var Ia=K;function L(a,b){this.x=void 0!==a?a:0;this.y=void 0!==b?b:0}L.prototype.ceil=function(){this.x=Math.ceil(this.x);this.y=Math.ceil(this.y);return this};L.prototype.floor=function(){this.x=Math.floor(this.x);this.y=Math.floor(this.y);return this};L.prototype.round=function(){this.x=Math.round(this.x);this.y=Math.round(this.y);return this};function M(a,b){this.width=a;this.height=b}M.prototype.aspectRatio=function(){return this.width/this.height};M.prototype.ceil=function(){this.width=Math.ceil(this.width);this.height=Math.ceil(this.height);return this};M.prototype.floor=function(){this.width=Math.floor(this.width);this.height=Math.floor(this.height);return this};M.prototype.round=function(){this.width=Math.round(this.width);this.height=Math.round(this.height);return this};function N(a){return 9==a.nodeType?a:a.ownerDocument||a.document}function Ja(a,b){a&&(a=a.parentNode);for(var c=0;a;){if(b(a))return a;a=a.parentNode;c++}return null}function Ka(a){this.a=a||g.document||document};function P(a,b){b&&\"string\"!==typeof b&&(b=b.toString());return!!a&&1==a.nodeType&&(!b||a.tagName.toUpperCase()==b)};function Q(a,b,c,e){this.f=a;this.a=b;this.b=c;this.c=e}Q.prototype.ceil=function(){this.f=Math.ceil(this.f);this.a=Math.ceil(this.a);this.b=Math.ceil(this.b);this.c=Math.ceil(this.c);return this};Q.prototype.floor=function(){this.f=Math.floor(this.f);this.a=Math.floor(this.a);this.b=Math.floor(this.b);this.c=Math.floor(this.c);return this};Q.prototype.round=function(){this.f=Math.round(this.f);this.a=Math.round(this.a);this.b=Math.round(this.b);this.c=Math.round(this.c);return this};function R(a,b,c,e){this.a=a;this.b=b;this.width=c;this.height=e}R.prototype.ceil=function(){this.a=Math.ceil(this.a);this.b=Math.ceil(this.b);this.width=Math.ceil(this.width);this.height=Math.ceil(this.height);return this};R.prototype.floor=function(){this.a=Math.floor(this.a);this.b=Math.floor(this.b);this.width=Math.floor(this.width);this.height=Math.floor(this.height);return this};\nR.prototype.round=function(){this.a=Math.round(this.a);this.b=Math.round(this.b);this.width=Math.round(this.width);this.height=Math.round(this.height);return this};var La=\"function\"===typeof ShadowRoot;function S(a){for(a=a.parentNode;a&&1!=a.nodeType&&9!=a.nodeType&&11!=a.nodeType;)a=a.parentNode;return P(a)?a:null}\nfunction T(a,b){b=ta(b);if(\"float\"==b||\"cssFloat\"==b||\"styleFloat\"==b)b=Ia?\"styleFloat\":\"cssFloat\";a:{var c=b;var e=N(a);if(e.defaultView&&e.defaultView.getComputedStyle&&(e=e.defaultView.getComputedStyle(a,null))){c=e[c]||e.getPropertyValue(c)||\"\";break a}c=\"\"}a=c||Ma(a,b);if(null===a)a=null;else if(0\u003C=da(ia,b)){b:{var d=a.match(la);if(d&&(b=Number(d[1]),c=Number(d[2]),e=Number(d[3]),d=Number(d[4]),0\u003C=b&&255>=b&&0\u003C=c&&255>=c&&0\u003C=e&&255>=e&&0\u003C=d&&1>=d)){b=[b,c,e,d];break b}b=null}if(!b)b:{if(e=a.match(ma))if(b=\nNumber(e[1]),c=Number(e[2]),e=Number(e[3]),0\u003C=b&&255>=b&&0\u003C=c&&255>=c&&0\u003C=e&&255>=e){b=[b,c,e,1];break b}b=null}if(!b)b:{b=a.toLowerCase();c=ha[b.toLowerCase()];if(!c&&(c=\"#\"==b.charAt(0)?b:\"#\"+b,4==c.length&&(c=c.replace(ja,\"#$1$1$2$2$3$3\")),!ka.test(c))){b=null;break b}b=[parseInt(c.substr(1,2),16),parseInt(c.substr(3,2),16),parseInt(c.substr(5,2),16),1]}a=b?\"rgba(\"+b.join(\", \")+\")\":a}return a}\nfunction Ma(a,b){var c=a.currentStyle||a.style,e=c[b];void 0===e&&\"function\"==aa(c.getPropertyValue)&&(e=c.getPropertyValue(b));return\"inherit\"!=e?void 0!==e?e:null:(a=S(a))?Ma(a,b):null}\nfunction U(a,b,c){function e(h){var n=V(h);return 0\u003Cn.height&&0\u003Cn.width?!0:P(h,\"PATH\")&&(0\u003Cn.height||0\u003Cn.width)?(h=T(h,\"stroke-width\"),!!h&&0\u003CparseInt(h,10)):\"hidden\"!=T(h,\"overflow\")&&ea(h.childNodes,function(D){return 3==D.nodeType||P(D)&&e(D)})}function d(h){return Na(h)==W&&fa(h.childNodes,function(n){return!P(n)||d(n)||!e(n)})}if(!P(a))throw Error(\"Argument to isShown must be of type Element\");if(P(a,\"BODY\"))return!0;if(P(a,\"OPTION\")||P(a,\"OPTGROUP\"))return a=Ja(a,function(h){return P(h,\"SELECT\")}),\n!!a&&U(a,!0,c);var f=Oa(a);if(f)return!!f.image&&0\u003Cf.rect.width&&0\u003Cf.rect.height&&U(f.image,b,c);if(P(a,\"INPUT\")&&\"hidden\"==a.type.toLowerCase()||P(a,\"NOSCRIPT\"))return!1;f=T(a,\"visibility\");return\"collapse\"!=f&&\"hidden\"!=f&&c(a)&&(b||0!=Pa(a))&&e(a)?!d(a):!1}var W=\"hidden\";\nfunction Na(a){function b(k){function l(ba){if(ba==h)return!0;var pa=T(ba,\"display\");return 0==pa.lastIndexOf(\"inline\",0)||\"contents\"==pa||\"absolute\"==qa&&\"static\"==T(ba,\"position\")?!1:!0}var qa=T(k,\"position\");if(\"fixed\"==qa)return ra=!0,k==h?null:h;for(k=S(k);k&&!l(k);)k=S(k);return k}function c(k){var l=k;if(\"visible\"==D)if(k==h&&n)l=n;else if(k==n)return{x:\"visible\",y:\"visible\"};l={x:T(l,\"overflow-x\"),y:T(l,\"overflow-y\")};k==h&&(l.x=\"visible\"==l.x?\"auto\":l.x,l.y=\"visible\"==l.y?\"auto\":l.y);return l}\nfunction e(k){if(k==h){var l=(new Ka(f)).a;k=l.scrollingElement?l.scrollingElement:za||\"CSS1Compat\"!=l.compatMode?l.body||l.documentElement:l.documentElement;l=l.parentWindow||l.defaultView;k=C&&Ba(\"10\")&&l.pageYOffset!=k.scrollTop?new L(k.scrollLeft,k.scrollTop):new L(l.pageXOffset||k.scrollLeft,l.pageYOffset||k.scrollTop)}else k=new L(k.scrollLeft,k.scrollTop);return k}var d=Qa(a),f=N(a),h=f.documentElement,n=f.body,D=T(h,\"overflow\"),ra;for(a=b(a);a;a=b(a)){var q=c(a);if(\"visible\"!=q.x||\"visible\"!=\nq.y){var t=V(a);if(0==t.width||0==t.height)return W;var z=d.a\u003Ct.a,O=d.b\u003Ct.b;if(z&&\"hidden\"==q.x||O&&\"hidden\"==q.y)return W;if(z&&\"visible\"!=q.x||O&&\"visible\"!=q.y){z=e(a);O=d.b\u003Ct.b-z.y;if(d.a\u003Ct.a-z.x&&\"visible\"!=q.x||O&&\"visible\"!=q.x)return W;d=Na(a);return d==W?W:\"scroll\"}z=d.c>=t.a+t.width;t=d.f>=t.b+t.height;if(z&&\"hidden\"==q.x||t&&\"hidden\"==q.y)return W;if(z&&\"visible\"!=q.x||t&&\"visible\"!=q.y){if(ra&&(q=e(a),d.c>=h.scrollWidth-q.x||d.a>=h.scrollHeight-q.y))return W;d=Na(a);return d==W?W:\"scroll\"}}}return\"none\"}\nfunction V(a){var b=Oa(a);if(b)return b.rect;if(P(a,\"HTML\"))return a=N(a),a=((a?a.parentWindow||a.defaultView:window)||window).document,a=\"CSS1Compat\"==a.compatMode?a.documentElement:a.body,a=new M(a.clientWidth,a.clientHeight),new R(0,0,a.width,a.height);try{var c=a.getBoundingClientRect()}catch(e){return new R(0,0,0,0)}b=new R(c.left,c.top,c.right-c.left,c.bottom-c.top);C&&a.ownerDocument.body&&(a=N(a),b.a-=a.documentElement.clientLeft+a.body.clientLeft,b.b-=a.documentElement.clientTop+a.body.clientTop);\nreturn b}\nfunction Oa(a){var b=P(a,\"MAP\");if(!b&&!P(a,\"AREA\"))return null;var c=b?a:P(a.parentNode,\"MAP\")?a.parentNode:null,e=null,d=null;if(c&&c.name){e='*[usemap=\"#'+c.name+'\"]';c=N(c);var f;if(f=\"function\"!=aa(c.querySelector)&&C&&(C?0\u003C=na(I,8):Ba(8))){f=c.querySelector;var h=typeof f;f=!(\"object\"==h&&null!=f||\"function\"==h)}if(f)throw Error(\"CSS selection is not supported\");if(!e)throw new m(32,\"No selector specified\");e=u(e);try{var n=c.querySelector(e)}catch(D){throw new m(32,\"An invalid or illegal selector was specified\");}if(e=\nn&&1==n.nodeType?n:null)d=V(e),b||\"default\"==a.shape.toLowerCase()||(a=Ra(a),b=Math.min(Math.max(a.a,0),d.width),n=Math.min(Math.max(a.b,0),d.height),d=new R(b+d.a,n+d.b,Math.min(a.width,d.width-b),Math.min(a.height,d.height-n)))}return{image:e,rect:d||new R(0,0,0,0)}}\nfunction Ra(a){var b=a.shape.toLowerCase();a=a.coords.split(\",\");if(\"rect\"==b&&4==a.length){b=a[0];var c=a[1];return new R(b,c,a[2]-b,a[3]-c)}if(\"circle\"==b&&3==a.length)return b=a[2],new R(a[0]-b,a[1]-b,2*b,2*b);if(\"poly\"==b&&2\u003Ca.length){b=a[0];c=a[1];for(var e=b,d=c,f=2;f+1\u003Ca.length;f+=2)b=Math.min(b,a[f]),e=Math.max(e,a[f]),c=Math.min(c,a[f+1]),d=Math.max(d,a[f+1]);return new R(b,c,e-b,d-c)}return new R(0,0,0,0)}function Qa(a){a=V(a);return new Q(a.b,a.a+a.width,a.b+a.height,a.a)}\nfunction Pa(a){if(Ia){if(\"relative\"==T(a,\"position\"))return 1;a=T(a,\"filter\");return(a=a.match(/^alpha\\(opacity=(\\d*)\\)/)||a.match(/^progid:DXImageTransform.Microsoft.Alpha\\(Opacity=(\\d*)\\)/))?Number(a[1])/100:1}return Sa(a)}function Sa(a){var b=1,c=T(a,\"opacity\");c&&(b=Number(c));(a=S(a))&&(b*=Sa(a));return b};function Ta(a,b){function c(e){if(P(e)&&\"none\"==T(e,\"display\"))return!1;var d;if((d=e.parentNode)&&d.shadowRoot&&void 0!==e.assignedSlot)d=e.assignedSlot?e.assignedSlot.parentNode:null;else if(e.getDestinationInsertionPoints){var f=e.getDestinationInsertionPoints();0\u003Cf.length&&(d=f[f.length-1])}if(La&&d instanceof ShadowRoot){if(d.host.shadowRoot&&d.host.shadowRoot!==d)return!1;d=d.host}return!d||9!=d.nodeType&&11!=d.nodeType?d&&P(d,\"DETAILS\")&&!d.open&&!P(e,\"SUMMARY\")?!1:!!d&&c(d):!0}return U(a,\n!!b,c)}var X=[\"_\"],Y=g;X[0]in Y||\"undefined\"==typeof Y.execScript||Y.execScript(\"var \"+X[0]);for(var Z;X.length&&(Z=X.shift());)X.length||void 0===Ta?Y[Z]&&Y[Z]!==Object.prototype[Z]?Y=Y[Z]:Y=Y[Z]={}:Y[Z]=Ta;; return this._.apply(null,arguments);}).apply({navigator:typeof window!='undefined'?window.navigator:null,document:typeof window!='undefined'?window.document:null}, arguments);}\n).apply(null, arguments);"
}
[1731868493.052][INFO]: Waiting for pending navigations...
[1731868493.076][INFO]: Done waiting for pending navigations. Status: ok
[1731868493.297][INFO]: Waiting for pending navigations...
[1731868493.307][INFO]: Done waiting for pending navigations. Status: ok
[1731868493.307][INFO]: [4361b112340dbee3d7d40d771a551f7b] RESPONSE ExecuteScript true
[1731868493.312][INFO]: [4361b112340dbee3d7d40d771a551f7b] COMMAND FindElement {
   "using": "xpath",
   "value": "//div[@class='flex items-start gap-2']//div/a"
}
[1731868493.312][INFO]: Waiting for pending navigations...
[1731868493.336][INFO]: Done waiting for pending navigations. Status: ok
[1731868493.490][INFO]: Waiting for pending navigations...
[1731868493.500][INFO]: Done waiting for pending navigations. Status: ok
[1731868493.501][INFO]: [4361b112340dbee3d7d40d771a551f7b] RESPONSE FindElement {
   "element-6066-11e4-a52e-4f735466cecf": "f.360B2B3062DB0D08F76F0AE99E91E1C3.d.46C559907EF92628DBB94F1FC9269F44.e.124"
}
[1731868493.505][INFO]: [4361b112340dbee3d7d40d771a551f7b] COMMAND GetElementText {
   "id": "f.360B2B3062DB0D08F76F0AE99E91E1C3.d.46C559907EF92628DBB94F1FC9269F44.e.124"
}
[1731868493.505][INFO]: Waiting for pending navigations...
[1731868493.527][INFO]: Done waiting for pending navigations. Status: ok
[1731868493.555][INFO]: Waiting for pending navigations...
[1731868493.557][INFO]: Done waiting for pending navigations. Status: ok
[1731868493.557][INFO]: [4361b112340dbee3d7d40d771a551f7b] RESPONSE GetElementText "1. Two Sum"
[1731868493.567][INFO]: [4361b112340dbee3d7d40d771a551f7b] COMMAND Navigate {
   "url": "https://www.google.com"
}
[1731868493.567][INFO]: Waiting for pending navigations...
[1731868493.569][INFO]: Done waiting for pending navigations. Status: ok
[1731868493.846][INFO]: Waiting for pending navigations...
[1731868494.301][INFO]: Done waiting for pending navigations. Status: ok
[1731868494.301][INFO]: [4361b112340dbee3d7d40d771a551f7b] RESPONSE Navigate
[1731868494.306][INFO]: [4361b112340dbee3d7d40d771a551f7b] COMMAND Navigate {
   "url": "https://leetcode.com/"
}
[1731868494.306][INFO]: Waiting for pending navigations...
[1731868494.307][INFO]: Done waiting for pending navigations. Status: ok
[1731868494.706][INFO]: Waiting for pending navigations...
[1731868495.849][INFO]: Done waiting for pending navigations. Status: ok
[1731868495.849][INFO]: [4361b112340dbee3d7d40d771a551f7b] RESPONSE Navigate
[1731868495.855][INFO]: [4361b112340dbee3d7d40d771a551f7b] COMMAND FindElement {
   "using": "xpath",
   "value": "//p[text()='View Questions ']"
}
[1731868495.855][INFO]: Waiting for pending navigations...
[1731868495.859][INFO]: Done waiting for pending navigations. Status: ok
[1731868496.138][INFO]: Waiting for pending navigations...
[1731868496.149][INFO]: Done waiting for pending navigations. Status: ok
[1731868496.149][INFO]: [4361b112340dbee3d7d40d771a551f7b] RESPONSE FindElement {
   "element-6066-11e4-a52e-4f735466cecf": "f.360B2B3062DB0D08F76F0AE99E91E1C3.d.8B148AB5F66F2CFCFC8113C18B796C72.e.17"
}
[1731868496.154][INFO]: [4361b112340dbee3d7d40d771a551f7b] COMMAND ExecuteScript {
   "args": [ {
      "element-6066-11e4-a52e-4f735466cecf": "f.360B2B3062DB0D08F76F0AE99E91E1C3.d.8B148AB5F66F2CFCFC8113C18B796C72.e.17"
   } ],
   "script": "/* isDisplayed */return (function(){return (function(){var g=this||self;\nfunction aa(a){var b=typeof a;if(\"object\"==b)if(a){if(a instanceof Array)return\"array\";if(a instanceof Object)return b;var c=Object.prototype.toString.call(a);if(\"[object Window]\"==c)return\"object\";if(\"[object Array]\"==c||\"number\"==typeof a.length&&\"undefined\"!=typeof a.splice&&\"undefined\"!=typeof a.propertyIsEnumerable&&!a.propertyIsEnumerable(\"splice\"))return\"array\";if(\"[object Function]\"==c||\"undefined\"!=typeof a.call&&\"undefined\"!=typeof a.propertyIsEnumerable&&!a.propertyIsEnumerable(\"call\"))return\"function\"}else return\"null\";else if(\"function\"==\nb&&\"undefined\"==typeof a.call)return\"object\";return b}function ca(a,b){function c(){}c.prototype=b.prototype;a.prototype=new c;a.prototype.constructor=a};var da=Array.prototype.indexOf?function(a,b){return Array.prototype.indexOf.call(a,b,void 0)}:function(a,b){if(\"string\"===typeof a)return\"string\"!==typeof b||1!=b.length?-1:a.indexOf(b,0);for(var c=0;c\u003Ca.length;c++)if(c in a&&a[c]===b)return c;return-1},ea=Array.prototype.some?function(a,b){return Array.prototype.some.call(a,b,void 0)}:function(a,b){for(var c=a.length,e=\"string\"===typeof a?a.split(\"\"):a,d=0;d\u003Cc;d++)if(d in e&&b.call(void 0,e[d],d,a))return!0;return!1},fa=Array.prototype.every?function(a,\nb){return Array.prototype.every.call(a,b,void 0)}:function(a,b){for(var c=a.length,e=\"string\"===typeof a?a.split(\"\"):a,d=0;d\u003Cc;d++)if(d in e&&!b.call(void 0,e[d],d,a))return!1;return!0};var ha={aliceblue:\"#f0f8ff\",antiquewhite:\"#faebd7\",aqua:\"#00ffff\",aquamarine:\"#7fffd4\",azure:\"#f0ffff\",beige:\"#f5f5dc\",bisque:\"#ffe4c4\",black:\"#000000\",blanchedalmond:\"#ffebcd\",blue:\"#0000ff\",blueviolet:\"#8a2be2\",brown:\"#a52a2a\",burlywood:\"#deb887\",cadetblue:\"#5f9ea0\",chartreuse:\"#7fff00\",chocolate:\"#d2691e\",coral:\"#ff7f50\",cornflowerblue:\"#6495ed\",cornsilk:\"#fff8dc\",crimson:\"#dc143c\",cyan:\"#00ffff\",darkblue:\"#00008b\",darkcyan:\"#008b8b\",darkgoldenrod:\"#b8860b\",darkgray:\"#a9a9a9\",darkgreen:\"#006400\",\ndarkgrey:\"#a9a9a9\",darkkhaki:\"#bdb76b\",darkmagenta:\"#8b008b\",darkolivegreen:\"#556b2f\",darkorange:\"#ff8c00\",darkorchid:\"#9932cc\",darkred:\"#8b0000\",darksalmon:\"#e9967a\",darkseagreen:\"#8fbc8f\",darkslateblue:\"#483d8b\",darkslategray:\"#2f4f4f\",darkslategrey:\"#2f4f4f\",darkturquoise:\"#00ced1\",darkviolet:\"#9400d3\",deeppink:\"#ff1493\",deepskyblue:\"#00bfff\",dimgray:\"#696969\",dimgrey:\"#696969\",dodgerblue:\"#1e90ff\",firebrick:\"#b22222\",floralwhite:\"#fffaf0\",forestgreen:\"#228b22\",fuchsia:\"#ff00ff\",gainsboro:\"#dcdcdc\",\nghostwhite:\"#f8f8ff\",gold:\"#ffd700\",goldenrod:\"#daa520\",gray:\"#808080\",green:\"#008000\",greenyellow:\"#adff2f\",grey:\"#808080\",honeydew:\"#f0fff0\",hotpink:\"#ff69b4\",indianred:\"#cd5c5c\",indigo:\"#4b0082\",ivory:\"#fffff0\",khaki:\"#f0e68c\",lavender:\"#e6e6fa\",lavenderblush:\"#fff0f5\",lawngreen:\"#7cfc00\",lemonchiffon:\"#fffacd\",lightblue:\"#add8e6\",lightcoral:\"#f08080\",lightcyan:\"#e0ffff\",lightgoldenrodyellow:\"#fafad2\",lightgray:\"#d3d3d3\",lightgreen:\"#90ee90\",lightgrey:\"#d3d3d3\",lightpink:\"#ffb6c1\",lightsalmon:\"#ffa07a\",\nlightseagreen:\"#20b2aa\",lightskyblue:\"#87cefa\",lightslategray:\"#778899\",lightslategrey:\"#778899\",lightsteelblue:\"#b0c4de\",lightyellow:\"#ffffe0\",lime:\"#00ff00\",limegreen:\"#32cd32\",linen:\"#faf0e6\",magenta:\"#ff00ff\",maroon:\"#800000\",mediumaquamarine:\"#66cdaa\",mediumblue:\"#0000cd\",mediumorchid:\"#ba55d3\",mediumpurple:\"#9370db\",mediumseagreen:\"#3cb371\",mediumslateblue:\"#7b68ee\",mediumspringgreen:\"#00fa9a\",mediumturquoise:\"#48d1cc\",mediumvioletred:\"#c71585\",midnightblue:\"#191970\",mintcream:\"#f5fffa\",mistyrose:\"#ffe4e1\",\nmoccasin:\"#ffe4b5\",navajowhite:\"#ffdead\",navy:\"#000080\",oldlace:\"#fdf5e6\",olive:\"#808000\",olivedrab:\"#6b8e23\",orange:\"#ffa500\",orangered:\"#ff4500\",orchid:\"#da70d6\",palegoldenrod:\"#eee8aa\",palegreen:\"#98fb98\",paleturquoise:\"#afeeee\",palevioletred:\"#db7093\",papayawhip:\"#ffefd5\",peachpuff:\"#ffdab9\",peru:\"#cd853f\",pink:\"#ffc0cb\",plum:\"#dda0dd\",powderblue:\"#b0e0e6\",purple:\"#800080\",red:\"#ff0000\",rosybrown:\"#bc8f8f\",royalblue:\"#4169e1\",saddlebrown:\"#8b4513\",salmon:\"#fa8072\",sandybrown:\"#f4a460\",seagreen:\"#2e8b57\",\nseashell:\"#fff5ee\",sienna:\"#a0522d\",silver:\"#c0c0c0\",skyblue:\"#87ceeb\",slateblue:\"#6a5acd\",slategray:\"#708090\",slategrey:\"#708090\",snow:\"#fffafa\",springgreen:\"#00ff7f\",steelblue:\"#4682b4\",tan:\"#d2b48c\",teal:\"#008080\",thistle:\"#d8bfd8\",tomato:\"#ff6347\",turquoise:\"#40e0d0\",violet:\"#ee82ee\",wheat:\"#f5deb3\",white:\"#ffffff\",whitesmoke:\"#f5f5f5\",yellow:\"#ffff00\",yellowgreen:\"#9acd32\"};var ia=\"backgroundColor borderTopColor borderRightColor borderBottomColor borderLeftColor color outlineColor\".split(\" \"),ja=/#([0-9a-fA-F])([0-9a-fA-F])([0-9a-fA-F])/,ka=/^#(?:[0-9a-f]{3}){1,2}$/i,la=/^(?:rgba)?\\((\\d{1,3}),\\s?(\\d{1,3}),\\s?(\\d{1,3}),\\s?(0|1|0\\.\\d*)\\)$/i,ma=/^(?:rgb)?\\((0|[1-9]\\d{0,2}),\\s?(0|[1-9]\\d{0,2}),\\s?(0|[1-9]\\d{0,2})\\)$/i;function m(a,b){this.code=a;this.a=p[a]||r;this.message=b||\"\";a=this.a.replace(/((?:^|\\s+)[a-z])/g,function(c){return c.toUpperCase().replace(/^[\\s\\xa0]+/g,\"\")});b=a.length-5;if(0>b||a.indexOf(\"Error\",b)!=b)a+=\"Error\";this.name=a;a=Error(this.message);a.name=this.name;this.stack=a.stack||\"\"}ca(m,Error);var r=\"unknown error\",p={15:\"element not selectable\",11:\"element not visible\"};p[31]=r;p[30]=r;p[24]=\"invalid cookie domain\";p[29]=\"invalid element coordinates\";p[12]=\"invalid element state\";\np[32]=\"invalid selector\";p[51]=\"invalid selector\";p[52]=\"invalid selector\";p[17]=\"javascript error\";p[405]=\"unsupported operation\";p[34]=\"move target out of bounds\";p[27]=\"no such alert\";p[7]=\"no such element\";p[8]=\"no such frame\";p[23]=\"no such window\";p[28]=\"script timeout\";p[33]=\"session not created\";p[10]=\"stale element reference\";p[21]=\"timeout\";p[25]=\"unable to set cookie\";p[26]=\"unexpected alert open\";p[13]=r;p[9]=\"unknown command\";var u=String.prototype.trim?function(a){return a.trim()}:function(a){return/^[\\s\\xa0]*([\\s\\S]*?)[\\s\\xa0]*$/.exec(a)[1]};\nfunction na(a,b){var c=0;a=u(String(a)).split(\".\");b=u(String(b)).split(\".\");for(var e=Math.max(a.length,b.length),d=0;0==c&&d\u003Ce;d++){var f=a[d]||\"\",h=b[d]||\"\";do{f=/(\\d*)(\\D*)(.*)/.exec(f)||[\"\",\"\",\"\",\"\"];h=/(\\d*)(\\D*)(.*)/.exec(h)||[\"\",\"\",\"\",\"\"];if(0==f[0].length&&0==h[0].length)break;c=v(0==f[1].length?0:parseInt(f[1],10),0==h[1].length?0:parseInt(h[1],10))||v(0==f[2].length,0==h[2].length)||v(f[2],h[2]);f=f[3];h=h[3]}while(0==c)}return c}function v(a,b){return a\u003Cb?-1:a>b?1:0};var w;a:{var oa=g.navigator;if(oa){var sa=oa.userAgent;if(sa){w=sa;break a}}w=\"\"}function x(a){return-1!=w.indexOf(a)};function y(){return x(\"Firefox\")||x(\"FxiOS\")}function A(){return(x(\"Chrome\")||x(\"CriOS\"))&&!x(\"Edge\")};function ta(a){return String(a).replace(/\\-([a-z])/g,function(b,c){return c.toUpperCase()})};function B(){return x(\"iPhone\")&&!x(\"iPod\")&&!x(\"iPad\")};function ua(a,b){var c=va;return Object.prototype.hasOwnProperty.call(c,a)?c[a]:c[a]=b(a)};var wa=x(\"Opera\"),C=x(\"Trident\")||x(\"MSIE\"),xa=x(\"Edge\"),ya=x(\"Gecko\")&&!(-1!=w.toLowerCase().indexOf(\"webkit\")&&!x(\"Edge\"))&&!(x(\"Trident\")||x(\"MSIE\"))&&!x(\"Edge\"),za=-1!=w.toLowerCase().indexOf(\"webkit\")&&!x(\"Edge\");function Aa(){var a=g.document;return a?a.documentMode:void 0}var E;\na:{var F=\"\",G=function(){var a=w;if(ya)return/rv:([^\\);]+)(\\)|;)/.exec(a);if(xa)return/Edge\\/([\\d\\.]+)/.exec(a);if(C)return/\\b(?:MSIE|rv)[: ]([^\\);]+)(\\)|;)/.exec(a);if(za)return/WebKit\\/(\\S+)/.exec(a);if(wa)return/(?:Version)[ \\/]?(\\S+)/.exec(a)}();G&&(F=G?G[1]:\"\");if(C){var H=Aa();if(null!=H&&H>parseFloat(F)){E=String(H);break a}}E=F}var va={};function Ba(a){return ua(a,function(){return 0\u003C=na(E,a)})}var I;I=g.document&&C?Aa():void 0;var Ca=y(),Da=B()||x(\"iPod\"),Ea=x(\"iPad\"),Fa=x(\"Android\")&&!(A()||y()||x(\"Opera\")||x(\"Silk\")),Ga=A(),Ha=x(\"Safari\")&&!(A()||x(\"Coast\")||x(\"Opera\")||x(\"Edge\")||x(\"Edg/\")||x(\"OPR\")||y()||x(\"Silk\")||x(\"Android\"))&&!(B()||x(\"iPad\")||x(\"iPod\"));function J(a){return(a=a.exec(w))?a[1]:\"\"}(function(){if(Ca)return J(/Firefox\\/([0-9.]+)/);if(C||xa||wa)return E;if(Ga)return B()||x(\"iPad\")||x(\"iPod\")?J(/CriOS\\/([0-9.]+)/):J(/Chrome\\/([0-9.]+)/);if(Ha&&!(B()||x(\"iPad\")||x(\"iPod\")))return J(/Version\\/([0-9.]+)/);if(Da||Ea){var a=/Version\\/(\\S+).*Mobile\\/(\\S+)/.exec(w);if(a)return a[1]+\".\"+a[2]}else if(Fa)return(a=J(/Android\\s+([0-9.]+)/))?a:J(/Version\\/([0-9.]+)/);return\"\"})();var K;if(K=C)K=!(9\u003C=Number(I));var Ia=K;function L(a,b){this.x=void 0!==a?a:0;this.y=void 0!==b?b:0}L.prototype.ceil=function(){this.x=Math.ceil(this.x);this.y=Math.ceil(this.y);return this};L.prototype.floor=function(){this.x=Math.floor(this.x);this.y=Math.floor(this.y);return this};L.prototype.round=function(){this.x=Math.round(this.x);this.y=Math.round(this.y);return this};function M(a,b){this.width=a;this.height=b}M.prototype.aspectRatio=function(){return this.width/this.height};M.prototype.ceil=function(){this.width=Math.ceil(this.width);this.height=Math.ceil(this.height);return this};M.prototype.floor=function(){this.width=Math.floor(this.width);this.height=Math.floor(this.height);return this};M.prototype.round=function(){this.width=Math.round(this.width);this.height=Math.round(this.height);return this};function N(a){return 9==a.nodeType?a:a.ownerDocument||a.document}function Ja(a,b){a&&(a=a.parentNode);for(var c=0;a;){if(b(a))return a;a=a.parentNode;c++}return null}function Ka(a){this.a=a||g.document||document};function P(a,b){b&&\"string\"!==typeof b&&(b=b.toString());return!!a&&1==a.nodeType&&(!b||a.tagName.toUpperCase()==b)};function Q(a,b,c,e){this.f=a;this.a=b;this.b=c;this.c=e}Q.prototype.ceil=function(){this.f=Math.ceil(this.f);this.a=Math.ceil(this.a);this.b=Math.ceil(this.b);this.c=Math.ceil(this.c);return this};Q.prototype.floor=function(){this.f=Math.floor(this.f);this.a=Math.floor(this.a);this.b=Math.floor(this.b);this.c=Math.floor(this.c);return this};Q.prototype.round=function(){this.f=Math.round(this.f);this.a=Math.round(this.a);this.b=Math.round(this.b);this.c=Math.round(this.c);return this};function R(a,b,c,e){this.a=a;this.b=b;this.width=c;this.height=e}R.prototype.ceil=function(){this.a=Math.ceil(this.a);this.b=Math.ceil(this.b);this.width=Math.ceil(this.width);this.height=Math.ceil(this.height);return this};R.prototype.floor=function(){this.a=Math.floor(this.a);this.b=Math.floor(this.b);this.width=Math.floor(this.width);this.height=Math.floor(this.height);return this};\nR.prototype.round=function(){this.a=Math.round(this.a);this.b=Math.round(this.b);this.width=Math.round(this.width);this.height=Math.round(this.height);return this};var La=\"function\"===typeof ShadowRoot;function S(a){for(a=a.parentNode;a&&1!=a.nodeType&&9!=a.nodeType&&11!=a.nodeType;)a=a.parentNode;return P(a)?a:null}\nfunction T(a,b){b=ta(b);if(\"float\"==b||\"cssFloat\"==b||\"styleFloat\"==b)b=Ia?\"styleFloat\":\"cssFloat\";a:{var c=b;var e=N(a);if(e.defaultView&&e.defaultView.getComputedStyle&&(e=e.defaultView.getComputedStyle(a,null))){c=e[c]||e.getPropertyValue(c)||\"\";break a}c=\"\"}a=c||Ma(a,b);if(null===a)a=null;else if(0\u003C=da(ia,b)){b:{var d=a.match(la);if(d&&(b=Number(d[1]),c=Number(d[2]),e=Number(d[3]),d=Number(d[4]),0\u003C=b&&255>=b&&0\u003C=c&&255>=c&&0\u003C=e&&255>=e&&0\u003C=d&&1>=d)){b=[b,c,e,d];break b}b=null}if(!b)b:{if(e=a.match(ma))if(b=\nNumber(e[1]),c=Number(e[2]),e=Number(e[3]),0\u003C=b&&255>=b&&0\u003C=c&&255>=c&&0\u003C=e&&255>=e){b=[b,c,e,1];break b}b=null}if(!b)b:{b=a.toLowerCase();c=ha[b.toLowerCase()];if(!c&&(c=\"#\"==b.charAt(0)?b:\"#\"+b,4==c.length&&(c=c.replace(ja,\"#$1$1$2$2$3$3\")),!ka.test(c))){b=null;break b}b=[parseInt(c.substr(1,2),16),parseInt(c.substr(3,2),16),parseInt(c.substr(5,2),16),1]}a=b?\"rgba(\"+b.join(\", \")+\")\":a}return a}\nfunction Ma(a,b){var c=a.currentStyle||a.style,e=c[b];void 0===e&&\"function\"==aa(c.getPropertyValue)&&(e=c.getPropertyValue(b));return\"inherit\"!=e?void 0!==e?e:null:(a=S(a))?Ma(a,b):null}\nfunction U(a,b,c){function e(h){var n=V(h);return 0\u003Cn.height&&0\u003Cn.width?!0:P(h,\"PATH\")&&(0\u003Cn.height||0\u003Cn.width)?(h=T(h,\"stroke-width\"),!!h&&0\u003CparseInt(h,10)):\"hidden\"!=T(h,\"overflow\")&&ea(h.childNodes,function(D){return 3==D.nodeType||P(D)&&e(D)})}function d(h){return Na(h)==W&&fa(h.childNodes,function(n){return!P(n)||d(n)||!e(n)})}if(!P(a))throw Error(\"Argument to isShown must be of type Element\");if(P(a,\"BODY\"))return!0;if(P(a,\"OPTION\")||P(a,\"OPTGROUP\"))return a=Ja(a,function(h){return P(h,\"SELECT\")}),\n!!a&&U(a,!0,c);var f=Oa(a);if(f)return!!f.image&&0\u003Cf.rect.width&&0\u003Cf.rect.height&&U(f.image,b,c);if(P(a,\"INPUT\")&&\"hidden\"==a.type.toLowerCase()||P(a,\"NOSCRIPT\"))return!1;f=T(a,\"visibility\");return\"collapse\"!=f&&\"hidden\"!=f&&c(a)&&(b||0!=Pa(a))&&e(a)?!d(a):!1}var W=\"hidden\";\nfunction Na(a){function b(k){function l(ba){if(ba==h)return!0;var pa=T(ba,\"display\");return 0==pa.lastIndexOf(\"inline\",0)||\"contents\"==pa||\"absolute\"==qa&&\"static\"==T(ba,\"position\")?!1:!0}var qa=T(k,\"position\");if(\"fixed\"==qa)return ra=!0,k==h?null:h;for(k=S(k);k&&!l(k);)k=S(k);return k}function c(k){var l=k;if(\"visible\"==D)if(k==h&&n)l=n;else if(k==n)return{x:\"visible\",y:\"visible\"};l={x:T(l,\"overflow-x\"),y:T(l,\"overflow-y\")};k==h&&(l.x=\"visible\"==l.x?\"auto\":l.x,l.y=\"visible\"==l.y?\"auto\":l.y);return l}\nfunction e(k){if(k==h){var l=(new Ka(f)).a;k=l.scrollingElement?l.scrollingElement:za||\"CSS1Compat\"!=l.compatMode?l.body||l.documentElement:l.documentElement;l=l.parentWindow||l.defaultView;k=C&&Ba(\"10\")&&l.pageYOffset!=k.scrollTop?new L(k.scrollLeft,k.scrollTop):new L(l.pageXOffset||k.scrollLeft,l.pageYOffset||k.scrollTop)}else k=new L(k.scrollLeft,k.scrollTop);return k}var d=Qa(a),f=N(a),h=f.documentElement,n=f.body,D=T(h,\"overflow\"),ra;for(a=b(a);a;a=b(a)){var q=c(a);if(\"visible\"!=q.x||\"visible\"!=\nq.y){var t=V(a);if(0==t.width||0==t.height)return W;var z=d.a\u003Ct.a,O=d.b\u003Ct.b;if(z&&\"hidden\"==q.x||O&&\"hidden\"==q.y)return W;if(z&&\"visible\"!=q.x||O&&\"visible\"!=q.y){z=e(a);O=d.b\u003Ct.b-z.y;if(d.a\u003Ct.a-z.x&&\"visible\"!=q.x||O&&\"visible\"!=q.x)return W;d=Na(a);return d==W?W:\"scroll\"}z=d.c>=t.a+t.width;t=d.f>=t.b+t.height;if(z&&\"hidden\"==q.x||t&&\"hidden\"==q.y)return W;if(z&&\"visible\"!=q.x||t&&\"visible\"!=q.y){if(ra&&(q=e(a),d.c>=h.scrollWidth-q.x||d.a>=h.scrollHeight-q.y))return W;d=Na(a);return d==W?W:\"scroll\"}}}return\"none\"}\nfunction V(a){var b=Oa(a);if(b)return b.rect;if(P(a,\"HTML\"))return a=N(a),a=((a?a.parentWindow||a.defaultView:window)||window).document,a=\"CSS1Compat\"==a.compatMode?a.documentElement:a.body,a=new M(a.clientWidth,a.clientHeight),new R(0,0,a.width,a.height);try{var c=a.getBoundingClientRect()}catch(e){return new R(0,0,0,0)}b=new R(c.left,c.top,c.right-c.left,c.bottom-c.top);C&&a.ownerDocument.body&&(a=N(a),b.a-=a.documentElement.clientLeft+a.body.clientLeft,b.b-=a.documentElement.clientTop+a.body.clientTop);\nreturn b}\nfunction Oa(a){var b=P(a,\"MAP\");if(!b&&!P(a,\"AREA\"))return null;var c=b?a:P(a.parentNode,\"MAP\")?a.parentNode:null,e=null,d=null;if(c&&c.name){e='*[usemap=\"#'+c.name+'\"]';c=N(c);var f;if(f=\"function\"!=aa(c.querySelector)&&C&&(C?0\u003C=na(I,8):Ba(8))){f=c.querySelector;var h=typeof f;f=!(\"object\"==h&&null!=f||\"function\"==h)}if(f)throw Error(\"CSS selection is not supported\");if(!e)throw new m(32,\"No selector specified\");e=u(e);try{var n=c.querySelector(e)}catch(D){throw new m(32,\"An invalid or illegal selector was specified\");}if(e=\nn&&1==n.nodeType?n:null)d=V(e),b||\"default\"==a.shape.toLowerCase()||(a=Ra(a),b=Math.min(Math.max(a.a,0),d.width),n=Math.min(Math.max(a.b,0),d.height),d=new R(b+d.a,n+d.b,Math.min(a.width,d.width-b),Math.min(a.height,d.height-n)))}return{image:e,rect:d||new R(0,0,0,0)}}\nfunction Ra(a){var b=a.shape.toLowerCase();a=a.coords.split(\",\");if(\"rect\"==b&&4==a.length){b=a[0];var c=a[1];return new R(b,c,a[2]-b,a[3]-c)}if(\"circle\"==b&&3==a.length)return b=a[2],new R(a[0]-b,a[1]-b,2*b,2*b);if(\"poly\"==b&&2\u003Ca.length){b=a[0];c=a[1];for(var e=b,d=c,f=2;f+1\u003Ca.length;f+=2)b=Math.min(b,a[f]),e=Math.max(e,a[f]),c=Math.min(c,a[f+1]),d=Math.max(d,a[f+1]);return new R(b,c,e-b,d-c)}return new R(0,0,0,0)}function Qa(a){a=V(a);return new Q(a.b,a.a+a.width,a.b+a.height,a.a)}\nfunction Pa(a){if(Ia){if(\"relative\"==T(a,\"position\"))return 1;a=T(a,\"filter\");return(a=a.match(/^alpha\\(opacity=(\\d*)\\)/)||a.match(/^progid:DXImageTransform.Microsoft.Alpha\\(Opacity=(\\d*)\\)/))?Number(a[1])/100:1}return Sa(a)}function Sa(a){var b=1,c=T(a,\"opacity\");c&&(b=Number(c));(a=S(a))&&(b*=Sa(a));return b};function Ta(a,b){function c(e){if(P(e)&&\"none\"==T(e,\"display\"))return!1;var d;if((d=e.parentNode)&&d.shadowRoot&&void 0!==e.assignedSlot)d=e.assignedSlot?e.assignedSlot.parentNode:null;else if(e.getDestinationInsertionPoints){var f=e.getDestinationInsertionPoints();0\u003Cf.length&&(d=f[f.length-1])}if(La&&d instanceof ShadowRoot){if(d.host.shadowRoot&&d.host.shadowRoot!==d)return!1;d=d.host}return!d||9!=d.nodeType&&11!=d.nodeType?d&&P(d,\"DETAILS\")&&!d.open&&!P(e,\"SUMMARY\")?!1:!!d&&c(d):!0}return U(a,\n!!b,c)}var X=[\"_\"],Y=g;X[0]in Y||\"undefined\"==typeof Y.execScript||Y.execScript(\"var \"+X[0]);for(var Z;X.length&&(Z=X.shift());)X.length||void 0===Ta?Y[Z]&&Y[Z]!==Object.prototype[Z]?Y=Y[Z]:Y=Y[Z]={}:Y[Z]=Ta;; return this._.apply(null,arguments);}).apply({navigator:typeof window!='undefined'?window.navigator:null,document:typeof window!='undefined'?window.document:null}, arguments);}\n).apply(null, arguments);"
}
[1731868496.155][INFO]: Waiting for pending navigations...
[1731868496.156][INFO]: Done waiting for pending navigations. Status: ok
[1731868496.165][INFO]: Waiting for pending navigations...
[1731868496.165][INFO]: Done waiting for pending navigations. Status: ok
[1731868496.165][INFO]: [4361b112340dbee3d7d40d771a551f7b] RESPONSE ExecuteScript true
[1731868496.171][INFO]: [4361b112340dbee3d7d40d771a551f7b] COMMAND IsElementEnabled {
   "id": "f.360B2B3062DB0D08F76F0AE99E91E1C3.d.8B148AB5F66F2CFCFC8113C18B796C72.e.17"
}
[1731868496.171][INFO]: Waiting for pending navigations...
[1731868496.172][INFO]: Done waiting for pending navigations. Status: ok
[1731868496.182][INFO]: Waiting for pending navigations...
[1731868496.183][INFO]: Done waiting for pending navigations. Status: ok
[1731868496.183][INFO]: [4361b112340dbee3d7d40d771a551f7b] RESPONSE IsElementEnabled true
[1731868496.186][INFO]: [4361b112340dbee3d7d40d771a551f7b] COMMAND ClickElement {
   "id": "f.360B2B3062DB0D08F76F0AE99E91E1C3.d.8B148AB5F66F2CFCFC8113C18B796C72.e.17"
}
[1731868496.186][INFO]: Waiting for pending navigations...
[1731868496.187][INFO]: Done waiting for pending navigations. Status: ok
[1731868496.275][INFO]: Waiting for pending navigations...
[1731868498.342][INFO]: Done waiting for pending navigations. Status: ok
[1731868498.342][INFO]: [4361b112340dbee3d7d40d771a551f7b] RESPONSE ClickElement
[1731868502.345][INFO]: [4361b112340dbee3d7d40d771a551f7b] COMMAND GetUrl {
}
[1731868502.345][INFO]: Waiting for pending navigations...
[1731868502.348][INFO]: Done waiting for pending navigations. Status: ok
[1731868502.355][INFO]: Waiting for pending navigations...
[1731868502.357][INFO]: Done waiting for pending navigations. Status: ok
[1731868502.357][INFO]: [4361b112340dbee3d7d40d771a551f7b] RESPONSE GetUrl "https://leetcode.com/problemset/"
[1731868502.362][INFO]: [4361b112340dbee3d7d40d771a551f7b] COMMAND FindElement {
   "using": "xpath",
   "value": "//a[text()='Two Sum']"
}
[1731868502.362][INFO]: Waiting for pending navigations...
[1731868502.364][INFO]: Done waiting for pending navigations. Status: ok
[1731868502.379][INFO]: Waiting for pending navigations...
[1731868502.381][INFO]: Done waiting for pending navigations. Status: ok
[1731868502.381][INFO]: [4361b112340dbee3d7d40d771a551f7b] RESPONSE FindElement {
   "element-6066-11e4-a52e-4f735466cecf": "f.360B2B3062DB0D08F76F0AE99E91E1C3.d.9A138CE7F7D5252F01ACE3B105624ABA.e.71"
}
[1731868502.384][INFO]: [4361b112340dbee3d7d40d771a551f7b] COMMAND ClickElement {
   "id": "f.360B2B3062DB0D08F76F0AE99E91E1C3.d.9A138CE7F7D5252F01ACE3B105624ABA.e.71"
}
[1731868502.384][INFO]: Waiting for pending navigations...
[1731868502.386][INFO]: Done waiting for pending navigations. Status: ok
[1731868502.526][INFO]: Waiting for pending navigations...
[1731868504.297][INFO]: Done waiting for pending navigations. Status: ok
[1731868504.297][INFO]: [4361b112340dbee3d7d40d771a551f7b] RESPONSE ClickElement
[1731868504.302][INFO]: [4361b112340dbee3d7d40d771a551f7b] COMMAND FindElement {
   "using": "xpath",
   "value": "//div[@class='flex items-start gap-2']//div/a"
}
[1731868504.302][INFO]: Waiting for pending navigations...
[1731868504.334][INFO]: Done waiting for pending navigations. Status: ok
[1731868505.336][INFO]: Waiting for pending navigations...
[1731868505.344][INFO]: Done waiting for pending navigations. Status: ok
[1731868505.344][INFO]: [4361b112340dbee3d7d40d771a551f7b] RESPONSE FindElement {
   "element-6066-11e4-a52e-4f735466cecf": "f.360B2B3062DB0D08F76F0AE99E91E1C3.d.9BC43D22C9C3FD3A8213A6F6C26050BE.e.78"
}
[1731868505.354][INFO]: [4361b112340dbee3d7d40d771a551f7b] COMMAND ExecuteScript {
   "args": [ {
      "element-6066-11e4-a52e-4f735466cecf": "f.360B2B3062DB0D08F76F0AE99E91E1C3.d.9BC43D22C9C3FD3A8213A6F6C26050BE.e.78"
   } ],
   "script": "/* isDisplayed */return (function(){return (function(){var g=this||self;\nfunction aa(a){var b=typeof a;if(\"object\"==b)if(a){if(a instanceof Array)return\"array\";if(a instanceof Object)return b;var c=Object.prototype.toString.call(a);if(\"[object Window]\"==c)return\"object\";if(\"[object Array]\"==c||\"number\"==typeof a.length&&\"undefined\"!=typeof a.splice&&\"undefined\"!=typeof a.propertyIsEnumerable&&!a.propertyIsEnumerable(\"splice\"))return\"array\";if(\"[object Function]\"==c||\"undefined\"!=typeof a.call&&\"undefined\"!=typeof a.propertyIsEnumerable&&!a.propertyIsEnumerable(\"call\"))return\"function\"}else return\"null\";else if(\"function\"==\nb&&\"undefined\"==typeof a.call)return\"object\";return b}function ca(a,b){function c(){}c.prototype=b.prototype;a.prototype=new c;a.prototype.constructor=a};var da=Array.prototype.indexOf?function(a,b){return Array.prototype.indexOf.call(a,b,void 0)}:function(a,b){if(\"string\"===typeof a)return\"string\"!==typeof b||1!=b.length?-1:a.indexOf(b,0);for(var c=0;c\u003Ca.length;c++)if(c in a&&a[c]===b)return c;return-1},ea=Array.prototype.some?function(a,b){return Array.prototype.some.call(a,b,void 0)}:function(a,b){for(var c=a.length,e=\"string\"===typeof a?a.split(\"\"):a,d=0;d\u003Cc;d++)if(d in e&&b.call(void 0,e[d],d,a))return!0;return!1},fa=Array.prototype.every?function(a,\nb){return Array.prototype.every.call(a,b,void 0)}:function(a,b){for(var c=a.length,e=\"string\"===typeof a?a.split(\"\"):a,d=0;d\u003Cc;d++)if(d in e&&!b.call(void 0,e[d],d,a))return!1;return!0};var ha={aliceblue:\"#f0f8ff\",antiquewhite:\"#faebd7\",aqua:\"#00ffff\",aquamarine:\"#7fffd4\",azure:\"#f0ffff\",beige:\"#f5f5dc\",bisque:\"#ffe4c4\",black:\"#000000\",blanchedalmond:\"#ffebcd\",blue:\"#0000ff\",blueviolet:\"#8a2be2\",brown:\"#a52a2a\",burlywood:\"#deb887\",cadetblue:\"#5f9ea0\",chartreuse:\"#7fff00\",chocolate:\"#d2691e\",coral:\"#ff7f50\",cornflowerblue:\"#6495ed\",cornsilk:\"#fff8dc\",crimson:\"#dc143c\",cyan:\"#00ffff\",darkblue:\"#00008b\",darkcyan:\"#008b8b\",darkgoldenrod:\"#b8860b\",darkgray:\"#a9a9a9\",darkgreen:\"#006400\",\ndarkgrey:\"#a9a9a9\",darkkhaki:\"#bdb76b\",darkmagenta:\"#8b008b\",darkolivegreen:\"#556b2f\",darkorange:\"#ff8c00\",darkorchid:\"#9932cc\",darkred:\"#8b0000\",darksalmon:\"#e9967a\",darkseagreen:\"#8fbc8f\",darkslateblue:\"#483d8b\",darkslategray:\"#2f4f4f\",darkslategrey:\"#2f4f4f\",darkturquoise:\"#00ced1\",darkviolet:\"#9400d3\",deeppink:\"#ff1493\",deepskyblue:\"#00bfff\",dimgray:\"#696969\",dimgrey:\"#696969\",dodgerblue:\"#1e90ff\",firebrick:\"#b22222\",floralwhite:\"#fffaf0\",forestgreen:\"#228b22\",fuchsia:\"#ff00ff\",gainsboro:\"#dcdcdc\",\nghostwhite:\"#f8f8ff\",gold:\"#ffd700\",goldenrod:\"#daa520\",gray:\"#808080\",green:\"#008000\",greenyellow:\"#adff2f\",grey:\"#808080\",honeydew:\"#f0fff0\",hotpink:\"#ff69b4\",indianred:\"#cd5c5c\",indigo:\"#4b0082\",ivory:\"#fffff0\",khaki:\"#f0e68c\",lavender:\"#e6e6fa\",lavenderblush:\"#fff0f5\",lawngreen:\"#7cfc00\",lemonchiffon:\"#fffacd\",lightblue:\"#add8e6\",lightcoral:\"#f08080\",lightcyan:\"#e0ffff\",lightgoldenrodyellow:\"#fafad2\",lightgray:\"#d3d3d3\",lightgreen:\"#90ee90\",lightgrey:\"#d3d3d3\",lightpink:\"#ffb6c1\",lightsalmon:\"#ffa07a\",\nlightseagreen:\"#20b2aa\",lightskyblue:\"#87cefa\",lightslategray:\"#778899\",lightslategrey:\"#778899\",lightsteelblue:\"#b0c4de\",lightyellow:\"#ffffe0\",lime:\"#00ff00\",limegreen:\"#32cd32\",linen:\"#faf0e6\",magenta:\"#ff00ff\",maroon:\"#800000\",mediumaquamarine:\"#66cdaa\",mediumblue:\"#0000cd\",mediumorchid:\"#ba55d3\",mediumpurple:\"#9370db\",mediumseagreen:\"#3cb371\",mediumslateblue:\"#7b68ee\",mediumspringgreen:\"#00fa9a\",mediumturquoise:\"#48d1cc\",mediumvioletred:\"#c71585\",midnightblue:\"#191970\",mintcream:\"#f5fffa\",mistyrose:\"#ffe4e1\",\nmoccasin:\"#ffe4b5\",navajowhite:\"#ffdead\",navy:\"#000080\",oldlace:\"#fdf5e6\",olive:\"#808000\",olivedrab:\"#6b8e23\",orange:\"#ffa500\",orangered:\"#ff4500\",orchid:\"#da70d6\",palegoldenrod:\"#eee8aa\",palegreen:\"#98fb98\",paleturquoise:\"#afeeee\",palevioletred:\"#db7093\",papayawhip:\"#ffefd5\",peachpuff:\"#ffdab9\",peru:\"#cd853f\",pink:\"#ffc0cb\",plum:\"#dda0dd\",powderblue:\"#b0e0e6\",purple:\"#800080\",red:\"#ff0000\",rosybrown:\"#bc8f8f\",royalblue:\"#4169e1\",saddlebrown:\"#8b4513\",salmon:\"#fa8072\",sandybrown:\"#f4a460\",seagreen:\"#2e8b57\",\nseashell:\"#fff5ee\",sienna:\"#a0522d\",silver:\"#c0c0c0\",skyblue:\"#87ceeb\",slateblue:\"#6a5acd\",slategray:\"#708090\",slategrey:\"#708090\",snow:\"#fffafa\",springgreen:\"#00ff7f\",steelblue:\"#4682b4\",tan:\"#d2b48c\",teal:\"#008080\",thistle:\"#d8bfd8\",tomato:\"#ff6347\",turquoise:\"#40e0d0\",violet:\"#ee82ee\",wheat:\"#f5deb3\",white:\"#ffffff\",whitesmoke:\"#f5f5f5\",yellow:\"#ffff00\",yellowgreen:\"#9acd32\"};var ia=\"backgroundColor borderTopColor borderRightColor borderBottomColor borderLeftColor color outlineColor\".split(\" \"),ja=/#([0-9a-fA-F])([0-9a-fA-F])([0-9a-fA-F])/,ka=/^#(?:[0-9a-f]{3}){1,2}$/i,la=/^(?:rgba)?\\((\\d{1,3}),\\s?(\\d{1,3}),\\s?(\\d{1,3}),\\s?(0|1|0\\.\\d*)\\)$/i,ma=/^(?:rgb)?\\((0|[1-9]\\d{0,2}),\\s?(0|[1-9]\\d{0,2}),\\s?(0|[1-9]\\d{0,2})\\)$/i;function m(a,b){this.code=a;this.a=p[a]||r;this.message=b||\"\";a=this.a.replace(/((?:^|\\s+)[a-z])/g,function(c){return c.toUpperCase().replace(/^[\\s\\xa0]+/g,\"\")});b=a.length-5;if(0>b||a.indexOf(\"Error\",b)!=b)a+=\"Error\";this.name=a;a=Error(this.message);a.name=this.name;this.stack=a.stack||\"\"}ca(m,Error);var r=\"unknown error\",p={15:\"element not selectable\",11:\"element not visible\"};p[31]=r;p[30]=r;p[24]=\"invalid cookie domain\";p[29]=\"invalid element coordinates\";p[12]=\"invalid element state\";\np[32]=\"invalid selector\";p[51]=\"invalid selector\";p[52]=\"invalid selector\";p[17]=\"javascript error\";p[405]=\"unsupported operation\";p[34]=\"move target out of bounds\";p[27]=\"no such alert\";p[7]=\"no such element\";p[8]=\"no such frame\";p[23]=\"no such window\";p[28]=\"script timeout\";p[33]=\"session not created\";p[10]=\"stale element reference\";p[21]=\"timeout\";p[25]=\"unable to set cookie\";p[26]=\"unexpected alert open\";p[13]=r;p[9]=\"unknown command\";var u=String.prototype.trim?function(a){return a.trim()}:function(a){return/^[\\s\\xa0]*([\\s\\S]*?)[\\s\\xa0]*$/.exec(a)[1]};\nfunction na(a,b){var c=0;a=u(String(a)).split(\".\");b=u(String(b)).split(\".\");for(var e=Math.max(a.length,b.length),d=0;0==c&&d\u003Ce;d++){var f=a[d]||\"\",h=b[d]||\"\";do{f=/(\\d*)(\\D*)(.*)/.exec(f)||[\"\",\"\",\"\",\"\"];h=/(\\d*)(\\D*)(.*)/.exec(h)||[\"\",\"\",\"\",\"\"];if(0==f[0].length&&0==h[0].length)break;c=v(0==f[1].length?0:parseInt(f[1],10),0==h[1].length?0:parseInt(h[1],10))||v(0==f[2].length,0==h[2].length)||v(f[2],h[2]);f=f[3];h=h[3]}while(0==c)}return c}function v(a,b){return a\u003Cb?-1:a>b?1:0};var w;a:{var oa=g.navigator;if(oa){var sa=oa.userAgent;if(sa){w=sa;break a}}w=\"\"}function x(a){return-1!=w.indexOf(a)};function y(){return x(\"Firefox\")||x(\"FxiOS\")}function A(){return(x(\"Chrome\")||x(\"CriOS\"))&&!x(\"Edge\")};function ta(a){return String(a).replace(/\\-([a-z])/g,function(b,c){return c.toUpperCase()})};function B(){return x(\"iPhone\")&&!x(\"iPod\")&&!x(\"iPad\")};function ua(a,b){var c=va;return Object.prototype.hasOwnProperty.call(c,a)?c[a]:c[a]=b(a)};var wa=x(\"Opera\"),C=x(\"Trident\")||x(\"MSIE\"),xa=x(\"Edge\"),ya=x(\"Gecko\")&&!(-1!=w.toLowerCase().indexOf(\"webkit\")&&!x(\"Edge\"))&&!(x(\"Trident\")||x(\"MSIE\"))&&!x(\"Edge\"),za=-1!=w.toLowerCase().indexOf(\"webkit\")&&!x(\"Edge\");function Aa(){var a=g.document;return a?a.documentMode:void 0}var E;\na:{var F=\"\",G=function(){var a=w;if(ya)return/rv:([^\\);]+)(\\)|;)/.exec(a);if(xa)return/Edge\\/([\\d\\.]+)/.exec(a);if(C)return/\\b(?:MSIE|rv)[: ]([^\\);]+)(\\)|;)/.exec(a);if(za)return/WebKit\\/(\\S+)/.exec(a);if(wa)return/(?:Version)[ \\/]?(\\S+)/.exec(a)}();G&&(F=G?G[1]:\"\");if(C){var H=Aa();if(null!=H&&H>parseFloat(F)){E=String(H);break a}}E=F}var va={};function Ba(a){return ua(a,function(){return 0\u003C=na(E,a)})}var I;I=g.document&&C?Aa():void 0;var Ca=y(),Da=B()||x(\"iPod\"),Ea=x(\"iPad\"),Fa=x(\"Android\")&&!(A()||y()||x(\"Opera\")||x(\"Silk\")),Ga=A(),Ha=x(\"Safari\")&&!(A()||x(\"Coast\")||x(\"Opera\")||x(\"Edge\")||x(\"Edg/\")||x(\"OPR\")||y()||x(\"Silk\")||x(\"Android\"))&&!(B()||x(\"iPad\")||x(\"iPod\"));function J(a){return(a=a.exec(w))?a[1]:\"\"}(function(){if(Ca)return J(/Firefox\\/([0-9.]+)/);if(C||xa||wa)return E;if(Ga)return B()||x(\"iPad\")||x(\"iPod\")?J(/CriOS\\/([0-9.]+)/):J(/Chrome\\/([0-9.]+)/);if(Ha&&!(B()||x(\"iPad\")||x(\"iPod\")))return J(/Version\\/([0-9.]+)/);if(Da||Ea){var a=/Version\\/(\\S+).*Mobile\\/(\\S+)/.exec(w);if(a)return a[1]+\".\"+a[2]}else if(Fa)return(a=J(/Android\\s+([0-9.]+)/))?a:J(/Version\\/([0-9.]+)/);return\"\"})();var K;if(K=C)K=!(9\u003C=Number(I));var Ia=K;function L(a,b){this.x=void 0!==a?a:0;this.y=void 0!==b?b:0}L.prototype.ceil=function(){this.x=Math.ceil(this.x);this.y=Math.ceil(this.y);return this};L.prototype.floor=function(){this.x=Math.floor(this.x);this.y=Math.floor(this.y);return this};L.prototype.round=function(){this.x=Math.round(this.x);this.y=Math.round(this.y);return this};function M(a,b){this.width=a;this.height=b}M.prototype.aspectRatio=function(){return this.width/this.height};M.prototype.ceil=function(){this.width=Math.ceil(this.width);this.height=Math.ceil(this.height);return this};M.prototype.floor=function(){this.width=Math.floor(this.width);this.height=Math.floor(this.height);return this};M.prototype.round=function(){this.width=Math.round(this.width);this.height=Math.round(this.height);return this};function N(a){return 9==a.nodeType?a:a.ownerDocument||a.document}function Ja(a,b){a&&(a=a.parentNode);for(var c=0;a;){if(b(a))return a;a=a.parentNode;c++}return null}function Ka(a){this.a=a||g.document||document};function P(a,b){b&&\"string\"!==typeof b&&(b=b.toString());return!!a&&1==a.nodeType&&(!b||a.tagName.toUpperCase()==b)};function Q(a,b,c,e){this.f=a;this.a=b;this.b=c;this.c=e}Q.prototype.ceil=function(){this.f=Math.ceil(this.f);this.a=Math.ceil(this.a);this.b=Math.ceil(this.b);this.c=Math.ceil(this.c);return this};Q.prototype.floor=function(){this.f=Math.floor(this.f);this.a=Math.floor(this.a);this.b=Math.floor(this.b);this.c=Math.floor(this.c);return this};Q.prototype.round=function(){this.f=Math.round(this.f);this.a=Math.round(this.a);this.b=Math.round(this.b);this.c=Math.round(this.c);return this};function R(a,b,c,e){this.a=a;this.b=b;this.width=c;this.height=e}R.prototype.ceil=function(){this.a=Math.ceil(this.a);this.b=Math.ceil(this.b);this.width=Math.ceil(this.width);this.height=Math.ceil(this.height);return this};R.prototype.floor=function(){this.a=Math.floor(this.a);this.b=Math.floor(this.b);this.width=Math.floor(this.width);this.height=Math.floor(this.height);return this};\nR.prototype.round=function(){this.a=Math.round(this.a);this.b=Math.round(this.b);this.width=Math.round(this.width);this.height=Math.round(this.height);return this};var La=\"function\"===typeof ShadowRoot;function S(a){for(a=a.parentNode;a&&1!=a.nodeType&&9!=a.nodeType&&11!=a.nodeType;)a=a.parentNode;return P(a)?a:null}\nfunction T(a,b){b=ta(b);if(\"float\"==b||\"cssFloat\"==b||\"styleFloat\"==b)b=Ia?\"styleFloat\":\"cssFloat\";a:{var c=b;var e=N(a);if(e.defaultView&&e.defaultView.getComputedStyle&&(e=e.defaultView.getComputedStyle(a,null))){c=e[c]||e.getPropertyValue(c)||\"\";break a}c=\"\"}a=c||Ma(a,b);if(null===a)a=null;else if(0\u003C=da(ia,b)){b:{var d=a.match(la);if(d&&(b=Number(d[1]),c=Number(d[2]),e=Number(d[3]),d=Number(d[4]),0\u003C=b&&255>=b&&0\u003C=c&&255>=c&&0\u003C=e&&255>=e&&0\u003C=d&&1>=d)){b=[b,c,e,d];break b}b=null}if(!b)b:{if(e=a.match(ma))if(b=\nNumber(e[1]),c=Number(e[2]),e=Number(e[3]),0\u003C=b&&255>=b&&0\u003C=c&&255>=c&&0\u003C=e&&255>=e){b=[b,c,e,1];break b}b=null}if(!b)b:{b=a.toLowerCase();c=ha[b.toLowerCase()];if(!c&&(c=\"#\"==b.charAt(0)?b:\"#\"+b,4==c.length&&(c=c.replace(ja,\"#$1$1$2$2$3$3\")),!ka.test(c))){b=null;break b}b=[parseInt(c.substr(1,2),16),parseInt(c.substr(3,2),16),parseInt(c.substr(5,2),16),1]}a=b?\"rgba(\"+b.join(\", \")+\")\":a}return a}\nfunction Ma(a,b){var c=a.currentStyle||a.style,e=c[b];void 0===e&&\"function\"==aa(c.getPropertyValue)&&(e=c.getPropertyValue(b));return\"inherit\"!=e?void 0!==e?e:null:(a=S(a))?Ma(a,b):null}\nfunction U(a,b,c){function e(h){var n=V(h);return 0\u003Cn.height&&0\u003Cn.width?!0:P(h,\"PATH\")&&(0\u003Cn.height||0\u003Cn.width)?(h=T(h,\"stroke-width\"),!!h&&0\u003CparseInt(h,10)):\"hidden\"!=T(h,\"overflow\")&&ea(h.childNodes,function(D){return 3==D.nodeType||P(D)&&e(D)})}function d(h){return Na(h)==W&&fa(h.childNodes,function(n){return!P(n)||d(n)||!e(n)})}if(!P(a))throw Error(\"Argument to isShown must be of type Element\");if(P(a,\"BODY\"))return!0;if(P(a,\"OPTION\")||P(a,\"OPTGROUP\"))return a=Ja(a,function(h){return P(h,\"SELECT\")}),\n!!a&&U(a,!0,c);var f=Oa(a);if(f)return!!f.image&&0\u003Cf.rect.width&&0\u003Cf.rect.height&&U(f.image,b,c);if(P(a,\"INPUT\")&&\"hidden\"==a.type.toLowerCase()||P(a,\"NOSCRIPT\"))return!1;f=T(a,\"visibility\");return\"collapse\"!=f&&\"hidden\"!=f&&c(a)&&(b||0!=Pa(a))&&e(a)?!d(a):!1}var W=\"hidden\";\nfunction Na(a){function b(k){function l(ba){if(ba==h)return!0;var pa=T(ba,\"display\");return 0==pa.lastIndexOf(\"inline\",0)||\"contents\"==pa||\"absolute\"==qa&&\"static\"==T(ba,\"position\")?!1:!0}var qa=T(k,\"position\");if(\"fixed\"==qa)return ra=!0,k==h?null:h;for(k=S(k);k&&!l(k);)k=S(k);return k}function c(k){var l=k;if(\"visible\"==D)if(k==h&&n)l=n;else if(k==n)return{x:\"visible\",y:\"visible\"};l={x:T(l,\"overflow-x\"),y:T(l,\"overflow-y\")};k==h&&(l.x=\"visible\"==l.x?\"auto\":l.x,l.y=\"visible\"==l.y?\"auto\":l.y);return l}\nfunction e(k){if(k==h){var l=(new Ka(f)).a;k=l.scrollingElement?l.scrollingElement:za||\"CSS1Compat\"!=l.compatMode?l.body||l.documentElement:l.documentElement;l=l.parentWindow||l.defaultView;k=C&&Ba(\"10\")&&l.pageYOffset!=k.scrollTop?new L(k.scrollLeft,k.scrollTop):new L(l.pageXOffset||k.scrollLeft,l.pageYOffset||k.scrollTop)}else k=new L(k.scrollLeft,k.scrollTop);return k}var d=Qa(a),f=N(a),h=f.documentElement,n=f.body,D=T(h,\"overflow\"),ra;for(a=b(a);a;a=b(a)){var q=c(a);if(\"visible\"!=q.x||\"visible\"!=\nq.y){var t=V(a);if(0==t.width||0==t.height)return W;var z=d.a\u003Ct.a,O=d.b\u003Ct.b;if(z&&\"hidden\"==q.x||O&&\"hidden\"==q.y)return W;if(z&&\"visible\"!=q.x||O&&\"visible\"!=q.y){z=e(a);O=d.b\u003Ct.b-z.y;if(d.a\u003Ct.a-z.x&&\"visible\"!=q.x||O&&\"visible\"!=q.x)return W;d=Na(a);return d==W?W:\"scroll\"}z=d.c>=t.a+t.width;t=d.f>=t.b+t.height;if(z&&\"hidden\"==q.x||t&&\"hidden\"==q.y)return W;if(z&&\"visible\"!=q.x||t&&\"visible\"!=q.y){if(ra&&(q=e(a),d.c>=h.scrollWidth-q.x||d.a>=h.scrollHeight-q.y))return W;d=Na(a);return d==W?W:\"scroll\"}}}return\"none\"}\nfunction V(a){var b=Oa(a);if(b)return b.rect;if(P(a,\"HTML\"))return a=N(a),a=((a?a.parentWindow||a.defaultView:window)||window).document,a=\"CSS1Compat\"==a.compatMode?a.documentElement:a.body,a=new M(a.clientWidth,a.clientHeight),new R(0,0,a.width,a.height);try{var c=a.getBoundingClientRect()}catch(e){return new R(0,0,0,0)}b=new R(c.left,c.top,c.right-c.left,c.bottom-c.top);C&&a.ownerDocument.body&&(a=N(a),b.a-=a.documentElement.clientLeft+a.body.clientLeft,b.b-=a.documentElement.clientTop+a.body.clientTop);\nreturn b}\nfunction Oa(a){var b=P(a,\"MAP\");if(!b&&!P(a,\"AREA\"))return null;var c=b?a:P(a.parentNode,\"MAP\")?a.parentNode:null,e=null,d=null;if(c&&c.name){e='*[usemap=\"#'+c.name+'\"]';c=N(c);var f;if(f=\"function\"!=aa(c.querySelector)&&C&&(C?0\u003C=na(I,8):Ba(8))){f=c.querySelector;var h=typeof f;f=!(\"object\"==h&&null!=f||\"function\"==h)}if(f)throw Error(\"CSS selection is not supported\");if(!e)throw new m(32,\"No selector specified\");e=u(e);try{var n=c.querySelector(e)}catch(D){throw new m(32,\"An invalid or illegal selector was specified\");}if(e=\nn&&1==n.nodeType?n:null)d=V(e),b||\"default\"==a.shape.toLowerCase()||(a=Ra(a),b=Math.min(Math.max(a.a,0),d.width),n=Math.min(Math.max(a.b,0),d.height),d=new R(b+d.a,n+d.b,Math.min(a.width,d.width-b),Math.min(a.height,d.height-n)))}return{image:e,rect:d||new R(0,0,0,0)}}\nfunction Ra(a){var b=a.shape.toLowerCase();a=a.coords.split(\",\");if(\"rect\"==b&&4==a.length){b=a[0];var c=a[1];return new R(b,c,a[2]-b,a[3]-c)}if(\"circle\"==b&&3==a.length)return b=a[2],new R(a[0]-b,a[1]-b,2*b,2*b);if(\"poly\"==b&&2\u003Ca.length){b=a[0];c=a[1];for(var e=b,d=c,f=2;f+1\u003Ca.length;f+=2)b=Math.min(b,a[f]),e=Math.max(e,a[f]),c=Math.min(c,a[f+1]),d=Math.max(d,a[f+1]);return new R(b,c,e-b,d-c)}return new R(0,0,0,0)}function Qa(a){a=V(a);return new Q(a.b,a.a+a.width,a.b+a.height,a.a)}\nfunction Pa(a){if(Ia){if(\"relative\"==T(a,\"position\"))return 1;a=T(a,\"filter\");return(a=a.match(/^alpha\\(opacity=(\\d*)\\)/)||a.match(/^progid:DXImageTransform.Microsoft.Alpha\\(Opacity=(\\d*)\\)/))?Number(a[1])/100:1}return Sa(a)}function Sa(a){var b=1,c=T(a,\"opacity\");c&&(b=Number(c));(a=S(a))&&(b*=Sa(a));return b};function Ta(a,b){function c(e){if(P(e)&&\"none\"==T(e,\"display\"))return!1;var d;if((d=e.parentNode)&&d.shadowRoot&&void 0!==e.assignedSlot)d=e.assignedSlot?e.assignedSlot.parentNode:null;else if(e.getDestinationInsertionPoints){var f=e.getDestinationInsertionPoints();0\u003Cf.length&&(d=f[f.length-1])}if(La&&d instanceof ShadowRoot){if(d.host.shadowRoot&&d.host.shadowRoot!==d)return!1;d=d.host}return!d||9!=d.nodeType&&11!=d.nodeType?d&&P(d,\"DETAILS\")&&!d.open&&!P(e,\"SUMMARY\")?!1:!!d&&c(d):!0}return U(a,\n!!b,c)}var X=[\"_\"],Y=g;X[0]in Y||\"undefined\"==typeof Y.execScript||Y.execScript(\"var \"+X[0]);for(var Z;X.length&&(Z=X.shift());)X.length||void 0===Ta?Y[Z]&&Y[Z]!==Object.prototype[Z]?Y=Y[Z]:Y=Y[Z]={}:Y[Z]=Ta;; return this._.apply(null,arguments);}).apply({navigator:typeof window!='undefined'?window.navigator:null,document:typeof window!='undefined'?window.document:null}, arguments);}\n).apply(null, arguments);"
}
[1731868505.354][INFO]: Waiting for pending navigations...
[1731868505.591][INFO]: Done waiting for pending navigations. Status: ok
[1731868505.671][INFO]: Waiting for pending navigations...
[1731868505.715][INFO]: Done waiting for pending navigations. Status: ok
[1731868505.715][INFO]: [4361b112340dbee3d7d40d771a551f7b] RESPONSE ExecuteScript true
[1731868505.718][INFO]: [4361b112340dbee3d7d40d771a551f7b] COMMAND GetUrl {
}
[1731868505.718][INFO]: Waiting for pending navigations...
[1731868505.777][INFO]: Done waiting for pending navigations. Status: ok
[1731868505.946][INFO]: Waiting for pending navigations...
[1731868505.959][INFO]: Done waiting for pending navigations. Status: ok
[1731868505.959][INFO]: [4361b112340dbee3d7d40d771a551f7b] RESPONSE GetUrl "https://leetcode.com/problems/two-sum/description/"
[1731868505.966][INFO]: [4361b112340dbee3d7d40d771a551f7b] COMMAND Navigate {
   "url": "https://www.google.com"
}
[1731868505.966][INFO]: Waiting for pending navigations...
[1731868505.980][INFO]: Done waiting for pending navigations. Status: ok
[1731868506.233][INFO]: Waiting for pending navigations...
[1731868506.689][INFO]: Done waiting for pending navigations. Status: ok
[1731868506.689][INFO]: [4361b112340dbee3d7d40d771a551f7b] RESPONSE Navigate
[1731868506.696][INFO]: [4361b112340dbee3d7d40d771a551f7b] COMMAND Navigate {
   "url": "https://leetcode.com/"
}
[1731868506.696][INFO]: Waiting for pending navigations...
[1731868506.698][INFO]: Done waiting for pending navigations. Status: ok
[1731868507.104][INFO]: Waiting for pending navigations...
[1731868508.053][INFO]: Done waiting for pending navigations. Status: ok
[1731868508.053][INFO]: [4361b112340dbee3d7d40d771a551f7b] RESPONSE Navigate
[1731868508.057][INFO]: [4361b112340dbee3d7d40d771a551f7b] COMMAND FindElement {
   "using": "xpath",
   "value": "//p[text()='View Questions ']"
}
[1731868508.057][INFO]: Waiting for pending navigations...
[1731868508.119][INFO]: Done waiting for pending navigations. Status: ok
[1731868508.307][INFO]: Waiting for pending navigations...
[1731868508.359][INFO]: Done waiting for pending navigations. Status: ok
[1731868508.359][INFO]: [4361b112340dbee3d7d40d771a551f7b] RESPONSE FindElement {
   "element-6066-11e4-a52e-4f735466cecf": "f.360B2B3062DB0D08F76F0AE99E91E1C3.d.98357DC39A4DE2EEB04B4BC2BFDC4C9C.e.17"
}
[1731868508.364][INFO]: [4361b112340dbee3d7d40d771a551f7b] COMMAND ExecuteScript {
   "args": [ {
      "element-6066-11e4-a52e-4f735466cecf": "f.360B2B3062DB0D08F76F0AE99E91E1C3.d.98357DC39A4DE2EEB04B4BC2BFDC4C9C.e.17"
   } ],
   "script": "/* isDisplayed */return (function(){return (function(){var g=this||self;\nfunction aa(a){var b=typeof a;if(\"object\"==b)if(a){if(a instanceof Array)return\"array\";if(a instanceof Object)return b;var c=Object.prototype.toString.call(a);if(\"[object Window]\"==c)return\"object\";if(\"[object Array]\"==c||\"number\"==typeof a.length&&\"undefined\"!=typeof a.splice&&\"undefined\"!=typeof a.propertyIsEnumerable&&!a.propertyIsEnumerable(\"splice\"))return\"array\";if(\"[object Function]\"==c||\"undefined\"!=typeof a.call&&\"undefined\"!=typeof a.propertyIsEnumerable&&!a.propertyIsEnumerable(\"call\"))return\"function\"}else return\"null\";else if(\"function\"==\nb&&\"undefined\"==typeof a.call)return\"object\";return b}function ca(a,b){function c(){}c.prototype=b.prototype;a.prototype=new c;a.prototype.constructor=a};var da=Array.prototype.indexOf?function(a,b){return Array.prototype.indexOf.call(a,b,void 0)}:function(a,b){if(\"string\"===typeof a)return\"string\"!==typeof b||1!=b.length?-1:a.indexOf(b,0);for(var c=0;c\u003Ca.length;c++)if(c in a&&a[c]===b)return c;return-1},ea=Array.prototype.some?function(a,b){return Array.prototype.some.call(a,b,void 0)}:function(a,b){for(var c=a.length,e=\"string\"===typeof a?a.split(\"\"):a,d=0;d\u003Cc;d++)if(d in e&&b.call(void 0,e[d],d,a))return!0;return!1},fa=Array.prototype.every?function(a,\nb){return Array.prototype.every.call(a,b,void 0)}:function(a,b){for(var c=a.length,e=\"string\"===typeof a?a.split(\"\"):a,d=0;d\u003Cc;d++)if(d in e&&!b.call(void 0,e[d],d,a))return!1;return!0};var ha={aliceblue:\"#f0f8ff\",antiquewhite:\"#faebd7\",aqua:\"#00ffff\",aquamarine:\"#7fffd4\",azure:\"#f0ffff\",beige:\"#f5f5dc\",bisque:\"#ffe4c4\",black:\"#000000\",blanchedalmond:\"#ffebcd\",blue:\"#0000ff\",blueviolet:\"#8a2be2\",brown:\"#a52a2a\",burlywood:\"#deb887\",cadetblue:\"#5f9ea0\",chartreuse:\"#7fff00\",chocolate:\"#d2691e\",coral:\"#ff7f50\",cornflowerblue:\"#6495ed\",cornsilk:\"#fff8dc\",crimson:\"#dc143c\",cyan:\"#00ffff\",darkblue:\"#00008b\",darkcyan:\"#008b8b\",darkgoldenrod:\"#b8860b\",darkgray:\"#a9a9a9\",darkgreen:\"#006400\",\ndarkgrey:\"#a9a9a9\",darkkhaki:\"#bdb76b\",darkmagenta:\"#8b008b\",darkolivegreen:\"#556b2f\",darkorange:\"#ff8c00\",darkorchid:\"#9932cc\",darkred:\"#8b0000\",darksalmon:\"#e9967a\",darkseagreen:\"#8fbc8f\",darkslateblue:\"#483d8b\",darkslategray:\"#2f4f4f\",darkslategrey:\"#2f4f4f\",darkturquoise:\"#00ced1\",darkviolet:\"#9400d3\",deeppink:\"#ff1493\",deepskyblue:\"#00bfff\",dimgray:\"#696969\",dimgrey:\"#696969\",dodgerblue:\"#1e90ff\",firebrick:\"#b22222\",floralwhite:\"#fffaf0\",forestgreen:\"#228b22\",fuchsia:\"#ff00ff\",gainsboro:\"#dcdcdc\",\nghostwhite:\"#f8f8ff\",gold:\"#ffd700\",goldenrod:\"#daa520\",gray:\"#808080\",green:\"#008000\",greenyellow:\"#adff2f\",grey:\"#808080\",honeydew:\"#f0fff0\",hotpink:\"#ff69b4\",indianred:\"#cd5c5c\",indigo:\"#4b0082\",ivory:\"#fffff0\",khaki:\"#f0e68c\",lavender:\"#e6e6fa\",lavenderblush:\"#fff0f5\",lawngreen:\"#7cfc00\",lemonchiffon:\"#fffacd\",lightblue:\"#add8e6\",lightcoral:\"#f08080\",lightcyan:\"#e0ffff\",lightgoldenrodyellow:\"#fafad2\",lightgray:\"#d3d3d3\",lightgreen:\"#90ee90\",lightgrey:\"#d3d3d3\",lightpink:\"#ffb6c1\",lightsalmon:\"#ffa07a\",\nlightseagreen:\"#20b2aa\",lightskyblue:\"#87cefa\",lightslategray:\"#778899\",lightslategrey:\"#778899\",lightsteelblue:\"#b0c4de\",lightyellow:\"#ffffe0\",lime:\"#00ff00\",limegreen:\"#32cd32\",linen:\"#faf0e6\",magenta:\"#ff00ff\",maroon:\"#800000\",mediumaquamarine:\"#66cdaa\",mediumblue:\"#0000cd\",mediumorchid:\"#ba55d3\",mediumpurple:\"#9370db\",mediumseagreen:\"#3cb371\",mediumslateblue:\"#7b68ee\",mediumspringgreen:\"#00fa9a\",mediumturquoise:\"#48d1cc\",mediumvioletred:\"#c71585\",midnightblue:\"#191970\",mintcream:\"#f5fffa\",mistyrose:\"#ffe4e1\",\nmoccasin:\"#ffe4b5\",navajowhite:\"#ffdead\",navy:\"#000080\",oldlace:\"#fdf5e6\",olive:\"#808000\",olivedrab:\"#6b8e23\",orange:\"#ffa500\",orangered:\"#ff4500\",orchid:\"#da70d6\",palegoldenrod:\"#eee8aa\",palegreen:\"#98fb98\",paleturquoise:\"#afeeee\",palevioletred:\"#db7093\",papayawhip:\"#ffefd5\",peachpuff:\"#ffdab9\",peru:\"#cd853f\",pink:\"#ffc0cb\",plum:\"#dda0dd\",powderblue:\"#b0e0e6\",purple:\"#800080\",red:\"#ff0000\",rosybrown:\"#bc8f8f\",royalblue:\"#4169e1\",saddlebrown:\"#8b4513\",salmon:\"#fa8072\",sandybrown:\"#f4a460\",seagreen:\"#2e8b57\",\nseashell:\"#fff5ee\",sienna:\"#a0522d\",silver:\"#c0c0c0\",skyblue:\"#87ceeb\",slateblue:\"#6a5acd\",slategray:\"#708090\",slategrey:\"#708090\",snow:\"#fffafa\",springgreen:\"#00ff7f\",steelblue:\"#4682b4\",tan:\"#d2b48c\",teal:\"#008080\",thistle:\"#d8bfd8\",tomato:\"#ff6347\",turquoise:\"#40e0d0\",violet:\"#ee82ee\",wheat:\"#f5deb3\",white:\"#ffffff\",whitesmoke:\"#f5f5f5\",yellow:\"#ffff00\",yellowgreen:\"#9acd32\"};var ia=\"backgroundColor borderTopColor borderRightColor borderBottomColor borderLeftColor color outlineColor\".split(\" \"),ja=/#([0-9a-fA-F])([0-9a-fA-F])([0-9a-fA-F])/,ka=/^#(?:[0-9a-f]{3}){1,2}$/i,la=/^(?:rgba)?\\((\\d{1,3}),\\s?(\\d{1,3}),\\s?(\\d{1,3}),\\s?(0|1|0\\.\\d*)\\)$/i,ma=/^(?:rgb)?\\((0|[1-9]\\d{0,2}),\\s?(0|[1-9]\\d{0,2}),\\s?(0|[1-9]\\d{0,2})\\)$/i;function m(a,b){this.code=a;this.a=p[a]||r;this.message=b||\"\";a=this.a.replace(/((?:^|\\s+)[a-z])/g,function(c){return c.toUpperCase().replace(/^[\\s\\xa0]+/g,\"\")});b=a.length-5;if(0>b||a.indexOf(\"Error\",b)!=b)a+=\"Error\";this.name=a;a=Error(this.message);a.name=this.name;this.stack=a.stack||\"\"}ca(m,Error);var r=\"unknown error\",p={15:\"element not selectable\",11:\"element not visible\"};p[31]=r;p[30]=r;p[24]=\"invalid cookie domain\";p[29]=\"invalid element coordinates\";p[12]=\"invalid element state\";\np[32]=\"invalid selector\";p[51]=\"invalid selector\";p[52]=\"invalid selector\";p[17]=\"javascript error\";p[405]=\"unsupported operation\";p[34]=\"move target out of bounds\";p[27]=\"no such alert\";p[7]=\"no such element\";p[8]=\"no such frame\";p[23]=\"no such window\";p[28]=\"script timeout\";p[33]=\"session not created\";p[10]=\"stale element reference\";p[21]=\"timeout\";p[25]=\"unable to set cookie\";p[26]=\"unexpected alert open\";p[13]=r;p[9]=\"unknown command\";var u=String.prototype.trim?function(a){return a.trim()}:function(a){return/^[\\s\\xa0]*([\\s\\S]*?)[\\s\\xa0]*$/.exec(a)[1]};\nfunction na(a,b){var c=0;a=u(String(a)).split(\".\");b=u(String(b)).split(\".\");for(var e=Math.max(a.length,b.length),d=0;0==c&&d\u003Ce;d++){var f=a[d]||\"\",h=b[d]||\"\";do{f=/(\\d*)(\\D*)(.*)/.exec(f)||[\"\",\"\",\"\",\"\"];h=/(\\d*)(\\D*)(.*)/.exec(h)||[\"\",\"\",\"\",\"\"];if(0==f[0].length&&0==h[0].length)break;c=v(0==f[1].length?0:parseInt(f[1],10),0==h[1].length?0:parseInt(h[1],10))||v(0==f[2].length,0==h[2].length)||v(f[2],h[2]);f=f[3];h=h[3]}while(0==c)}return c}function v(a,b){return a\u003Cb?-1:a>b?1:0};var w;a:{var oa=g.navigator;if(oa){var sa=oa.userAgent;if(sa){w=sa;break a}}w=\"\"}function x(a){return-1!=w.indexOf(a)};function y(){return x(\"Firefox\")||x(\"FxiOS\")}function A(){return(x(\"Chrome\")||x(\"CriOS\"))&&!x(\"Edge\")};function ta(a){return String(a).replace(/\\-([a-z])/g,function(b,c){return c.toUpperCase()})};function B(){return x(\"iPhone\")&&!x(\"iPod\")&&!x(\"iPad\")};function ua(a,b){var c=va;return Object.prototype.hasOwnProperty.call(c,a)?c[a]:c[a]=b(a)};var wa=x(\"Opera\"),C=x(\"Trident\")||x(\"MSIE\"),xa=x(\"Edge\"),ya=x(\"Gecko\")&&!(-1!=w.toLowerCase().indexOf(\"webkit\")&&!x(\"Edge\"))&&!(x(\"Trident\")||x(\"MSIE\"))&&!x(\"Edge\"),za=-1!=w.toLowerCase().indexOf(\"webkit\")&&!x(\"Edge\");function Aa(){var a=g.document;return a?a.documentMode:void 0}var E;\na:{var F=\"\",G=function(){var a=w;if(ya)return/rv:([^\\);]+)(\\)|;)/.exec(a);if(xa)return/Edge\\/([\\d\\.]+)/.exec(a);if(C)return/\\b(?:MSIE|rv)[: ]([^\\);]+)(\\)|;)/.exec(a);if(za)return/WebKit\\/(\\S+)/.exec(a);if(wa)return/(?:Version)[ \\/]?(\\S+)/.exec(a)}();G&&(F=G?G[1]:\"\");if(C){var H=Aa();if(null!=H&&H>parseFloat(F)){E=String(H);break a}}E=F}var va={};function Ba(a){return ua(a,function(){return 0\u003C=na(E,a)})}var I;I=g.document&&C?Aa():void 0;var Ca=y(),Da=B()||x(\"iPod\"),Ea=x(\"iPad\"),Fa=x(\"Android\")&&!(A()||y()||x(\"Opera\")||x(\"Silk\")),Ga=A(),Ha=x(\"Safari\")&&!(A()||x(\"Coast\")||x(\"Opera\")||x(\"Edge\")||x(\"Edg/\")||x(\"OPR\")||y()||x(\"Silk\")||x(\"Android\"))&&!(B()||x(\"iPad\")||x(\"iPod\"));function J(a){return(a=a.exec(w))?a[1]:\"\"}(function(){if(Ca)return J(/Firefox\\/([0-9.]+)/);if(C||xa||wa)return E;if(Ga)return B()||x(\"iPad\")||x(\"iPod\")?J(/CriOS\\/([0-9.]+)/):J(/Chrome\\/([0-9.]+)/);if(Ha&&!(B()||x(\"iPad\")||x(\"iPod\")))return J(/Version\\/([0-9.]+)/);if(Da||Ea){var a=/Version\\/(\\S+).*Mobile\\/(\\S+)/.exec(w);if(a)return a[1]+\".\"+a[2]}else if(Fa)return(a=J(/Android\\s+([0-9.]+)/))?a:J(/Version\\/([0-9.]+)/);return\"\"})();var K;if(K=C)K=!(9\u003C=Number(I));var Ia=K;function L(a,b){this.x=void 0!==a?a:0;this.y=void 0!==b?b:0}L.prototype.ceil=function(){this.x=Math.ceil(this.x);this.y=Math.ceil(this.y);return this};L.prototype.floor=function(){this.x=Math.floor(this.x);this.y=Math.floor(this.y);return this};L.prototype.round=function(){this.x=Math.round(this.x);this.y=Math.round(this.y);return this};function M(a,b){this.width=a;this.height=b}M.prototype.aspectRatio=function(){return this.width/this.height};M.prototype.ceil=function(){this.width=Math.ceil(this.width);this.height=Math.ceil(this.height);return this};M.prototype.floor=function(){this.width=Math.floor(this.width);this.height=Math.floor(this.height);return this};M.prototype.round=function(){this.width=Math.round(this.width);this.height=Math.round(this.height);return this};function N(a){return 9==a.nodeType?a:a.ownerDocument||a.document}function Ja(a,b){a&&(a=a.parentNode);for(var c=0;a;){if(b(a))return a;a=a.parentNode;c++}return null}function Ka(a){this.a=a||g.document||document};function P(a,b){b&&\"string\"!==typeof b&&(b=b.toString());return!!a&&1==a.nodeType&&(!b||a.tagName.toUpperCase()==b)};function Q(a,b,c,e){this.f=a;this.a=b;this.b=c;this.c=e}Q.prototype.ceil=function(){this.f=Math.ceil(this.f);this.a=Math.ceil(this.a);this.b=Math.ceil(this.b);this.c=Math.ceil(this.c);return this};Q.prototype.floor=function(){this.f=Math.floor(this.f);this.a=Math.floor(this.a);this.b=Math.floor(this.b);this.c=Math.floor(this.c);return this};Q.prototype.round=function(){this.f=Math.round(this.f);this.a=Math.round(this.a);this.b=Math.round(this.b);this.c=Math.round(this.c);return this};function R(a,b,c,e){this.a=a;this.b=b;this.width=c;this.height=e}R.prototype.ceil=function(){this.a=Math.ceil(this.a);this.b=Math.ceil(this.b);this.width=Math.ceil(this.width);this.height=Math.ceil(this.height);return this};R.prototype.floor=function(){this.a=Math.floor(this.a);this.b=Math.floor(this.b);this.width=Math.floor(this.width);this.height=Math.floor(this.height);return this};\nR.prototype.round=function(){this.a=Math.round(this.a);this.b=Math.round(this.b);this.width=Math.round(this.width);this.height=Math.round(this.height);return this};var La=\"function\"===typeof ShadowRoot;function S(a){for(a=a.parentNode;a&&1!=a.nodeType&&9!=a.nodeType&&11!=a.nodeType;)a=a.parentNode;return P(a)?a:null}\nfunction T(a,b){b=ta(b);if(\"float\"==b||\"cssFloat\"==b||\"styleFloat\"==b)b=Ia?\"styleFloat\":\"cssFloat\";a:{var c=b;var e=N(a);if(e.defaultView&&e.defaultView.getComputedStyle&&(e=e.defaultView.getComputedStyle(a,null))){c=e[c]||e.getPropertyValue(c)||\"\";break a}c=\"\"}a=c||Ma(a,b);if(null===a)a=null;else if(0\u003C=da(ia,b)){b:{var d=a.match(la);if(d&&(b=Number(d[1]),c=Number(d[2]),e=Number(d[3]),d=Number(d[4]),0\u003C=b&&255>=b&&0\u003C=c&&255>=c&&0\u003C=e&&255>=e&&0\u003C=d&&1>=d)){b=[b,c,e,d];break b}b=null}if(!b)b:{if(e=a.match(ma))if(b=\nNumber(e[1]),c=Number(e[2]),e=Number(e[3]),0\u003C=b&&255>=b&&0\u003C=c&&255>=c&&0\u003C=e&&255>=e){b=[b,c,e,1];break b}b=null}if(!b)b:{b=a.toLowerCase();c=ha[b.toLowerCase()];if(!c&&(c=\"#\"==b.charAt(0)?b:\"#\"+b,4==c.length&&(c=c.replace(ja,\"#$1$1$2$2$3$3\")),!ka.test(c))){b=null;break b}b=[parseInt(c.substr(1,2),16),parseInt(c.substr(3,2),16),parseInt(c.substr(5,2),16),1]}a=b?\"rgba(\"+b.join(\", \")+\")\":a}return a}\nfunction Ma(a,b){var c=a.currentStyle||a.style,e=c[b];void 0===e&&\"function\"==aa(c.getPropertyValue)&&(e=c.getPropertyValue(b));return\"inherit\"!=e?void 0!==e?e:null:(a=S(a))?Ma(a,b):null}\nfunction U(a,b,c){function e(h){var n=V(h);return 0\u003Cn.height&&0\u003Cn.width?!0:P(h,\"PATH\")&&(0\u003Cn.height||0\u003Cn.width)?(h=T(h,\"stroke-width\"),!!h&&0\u003CparseInt(h,10)):\"hidden\"!=T(h,\"overflow\")&&ea(h.childNodes,function(D){return 3==D.nodeType||P(D)&&e(D)})}function d(h){return Na(h)==W&&fa(h.childNodes,function(n){return!P(n)||d(n)||!e(n)})}if(!P(a))throw Error(\"Argument to isShown must be of type Element\");if(P(a,\"BODY\"))return!0;if(P(a,\"OPTION\")||P(a,\"OPTGROUP\"))return a=Ja(a,function(h){return P(h,\"SELECT\")}),\n!!a&&U(a,!0,c);var f=Oa(a);if(f)return!!f.image&&0\u003Cf.rect.width&&0\u003Cf.rect.height&&U(f.image,b,c);if(P(a,\"INPUT\")&&\"hidden\"==a.type.toLowerCase()||P(a,\"NOSCRIPT\"))return!1;f=T(a,\"visibility\");return\"collapse\"!=f&&\"hidden\"!=f&&c(a)&&(b||0!=Pa(a))&&e(a)?!d(a):!1}var W=\"hidden\";\nfunction Na(a){function b(k){function l(ba){if(ba==h)return!0;var pa=T(ba,\"display\");return 0==pa.lastIndexOf(\"inline\",0)||\"contents\"==pa||\"absolute\"==qa&&\"static\"==T(ba,\"position\")?!1:!0}var qa=T(k,\"position\");if(\"fixed\"==qa)return ra=!0,k==h?null:h;for(k=S(k);k&&!l(k);)k=S(k);return k}function c(k){var l=k;if(\"visible\"==D)if(k==h&&n)l=n;else if(k==n)return{x:\"visible\",y:\"visible\"};l={x:T(l,\"overflow-x\"),y:T(l,\"overflow-y\")};k==h&&(l.x=\"visible\"==l.x?\"auto\":l.x,l.y=\"visible\"==l.y?\"auto\":l.y);return l}\nfunction e(k){if(k==h){var l=(new Ka(f)).a;k=l.scrollingElement?l.scrollingElement:za||\"CSS1Compat\"!=l.compatMode?l.body||l.documentElement:l.documentElement;l=l.parentWindow||l.defaultView;k=C&&Ba(\"10\")&&l.pageYOffset!=k.scrollTop?new L(k.scrollLeft,k.scrollTop):new L(l.pageXOffset||k.scrollLeft,l.pageYOffset||k.scrollTop)}else k=new L(k.scrollLeft,k.scrollTop);return k}var d=Qa(a),f=N(a),h=f.documentElement,n=f.body,D=T(h,\"overflow\"),ra;for(a=b(a);a;a=b(a)){var q=c(a);if(\"visible\"!=q.x||\"visible\"!=\nq.y){var t=V(a);if(0==t.width||0==t.height)return W;var z=d.a\u003Ct.a,O=d.b\u003Ct.b;if(z&&\"hidden\"==q.x||O&&\"hidden\"==q.y)return W;if(z&&\"visible\"!=q.x||O&&\"visible\"!=q.y){z=e(a);O=d.b\u003Ct.b-z.y;if(d.a\u003Ct.a-z.x&&\"visible\"!=q.x||O&&\"visible\"!=q.x)return W;d=Na(a);return d==W?W:\"scroll\"}z=d.c>=t.a+t.width;t=d.f>=t.b+t.height;if(z&&\"hidden\"==q.x||t&&\"hidden\"==q.y)return W;if(z&&\"visible\"!=q.x||t&&\"visible\"!=q.y){if(ra&&(q=e(a),d.c>=h.scrollWidth-q.x||d.a>=h.scrollHeight-q.y))return W;d=Na(a);return d==W?W:\"scroll\"}}}return\"none\"}\nfunction V(a){var b=Oa(a);if(b)return b.rect;if(P(a,\"HTML\"))return a=N(a),a=((a?a.parentWindow||a.defaultView:window)||window).document,a=\"CSS1Compat\"==a.compatMode?a.documentElement:a.body,a=new M(a.clientWidth,a.clientHeight),new R(0,0,a.width,a.height);try{var c=a.getBoundingClientRect()}catch(e){return new R(0,0,0,0)}b=new R(c.left,c.top,c.right-c.left,c.bottom-c.top);C&&a.ownerDocument.body&&(a=N(a),b.a-=a.documentElement.clientLeft+a.body.clientLeft,b.b-=a.documentElement.clientTop+a.body.clientTop);\nreturn b}\nfunction Oa(a){var b=P(a,\"MAP\");if(!b&&!P(a,\"AREA\"))return null;var c=b?a:P(a.parentNode,\"MAP\")?a.parentNode:null,e=null,d=null;if(c&&c.name){e='*[usemap=\"#'+c.name+'\"]';c=N(c);var f;if(f=\"function\"!=aa(c.querySelector)&&C&&(C?0\u003C=na(I,8):Ba(8))){f=c.querySelector;var h=typeof f;f=!(\"object\"==h&&null!=f||\"function\"==h)}if(f)throw Error(\"CSS selection is not supported\");if(!e)throw new m(32,\"No selector specified\");e=u(e);try{var n=c.querySelector(e)}catch(D){throw new m(32,\"An invalid or illegal selector was specified\");}if(e=\nn&&1==n.nodeType?n:null)d=V(e),b||\"default\"==a.shape.toLowerCase()||(a=Ra(a),b=Math.min(Math.max(a.a,0),d.width),n=Math.min(Math.max(a.b,0),d.height),d=new R(b+d.a,n+d.b,Math.min(a.width,d.width-b),Math.min(a.height,d.height-n)))}return{image:e,rect:d||new R(0,0,0,0)}}\nfunction Ra(a){var b=a.shape.toLowerCase();a=a.coords.split(\",\");if(\"rect\"==b&&4==a.length){b=a[0];var c=a[1];return new R(b,c,a[2]-b,a[3]-c)}if(\"circle\"==b&&3==a.length)return b=a[2],new R(a[0]-b,a[1]-b,2*b,2*b);if(\"poly\"==b&&2\u003Ca.length){b=a[0];c=a[1];for(var e=b,d=c,f=2;f+1\u003Ca.length;f+=2)b=Math.min(b,a[f]),e=Math.max(e,a[f]),c=Math.min(c,a[f+1]),d=Math.max(d,a[f+1]);return new R(b,c,e-b,d-c)}return new R(0,0,0,0)}function Qa(a){a=V(a);return new Q(a.b,a.a+a.width,a.b+a.height,a.a)}\nfunction Pa(a){if(Ia){if(\"relative\"==T(a,\"position\"))return 1;a=T(a,\"filter\");return(a=a.match(/^alpha\\(opacity=(\\d*)\\)/)||a.match(/^progid:DXImageTransform.Microsoft.Alpha\\(Opacity=(\\d*)\\)/))?Number(a[1])/100:1}return Sa(a)}function Sa(a){var b=1,c=T(a,\"opacity\");c&&(b=Number(c));(a=S(a))&&(b*=Sa(a));return b};function Ta(a,b){function c(e){if(P(e)&&\"none\"==T(e,\"display\"))return!1;var d;if((d=e.parentNode)&&d.shadowRoot&&void 0!==e.assignedSlot)d=e.assignedSlot?e.assignedSlot.parentNode:null;else if(e.getDestinationInsertionPoints){var f=e.getDestinationInsertionPoints();0\u003Cf.length&&(d=f[f.length-1])}if(La&&d instanceof ShadowRoot){if(d.host.shadowRoot&&d.host.shadowRoot!==d)return!1;d=d.host}return!d||9!=d.nodeType&&11!=d.nodeType?d&&P(d,\"DETAILS\")&&!d.open&&!P(e,\"SUMMARY\")?!1:!!d&&c(d):!0}return U(a,\n!!b,c)}var X=[\"_\"],Y=g;X[0]in Y||\"undefined\"==typeof Y.execScript||Y.execScript(\"var \"+X[0]);for(var Z;X.length&&(Z=X.shift());)X.length||void 0===Ta?Y[Z]&&Y[Z]!==Object.prototype[Z]?Y=Y[Z]:Y=Y[Z]={}:Y[Z]=Ta;; return this._.apply(null,arguments);}).apply({navigator:typeof window!='undefined'?window.navigator:null,document:typeof window!='undefined'?window.document:null}, arguments);}\n).apply(null, arguments);"
}
[1731868508.364][INFO]: Waiting for pending navigations...
[1731868508.372][INFO]: Done waiting for pending navigations. Status: ok
[1731868508.380][INFO]: Waiting for pending navigations...
[1731868508.381][INFO]: Done waiting for pending navigations. Status: ok
[1731868508.381][INFO]: [4361b112340dbee3d7d40d771a551f7b] RESPONSE ExecuteScript true
[1731868508.383][INFO]: [4361b112340dbee3d7d40d771a551f7b] COMMAND IsElementEnabled {
   "id": "f.360B2B3062DB0D08F76F0AE99E91E1C3.d.98357DC39A4DE2EEB04B4BC2BFDC4C9C.e.17"
}
[1731868508.383][INFO]: Waiting for pending navigations...
[1731868508.384][INFO]: Done waiting for pending navigations. Status: ok
[1731868508.391][INFO]: Waiting for pending navigations...
[1731868508.393][INFO]: Done waiting for pending navigations. Status: ok
[1731868508.393][INFO]: [4361b112340dbee3d7d40d771a551f7b] RESPONSE IsElementEnabled true
[1731868508.396][INFO]: [4361b112340dbee3d7d40d771a551f7b] COMMAND ClickElement {
   "id": "f.360B2B3062DB0D08F76F0AE99E91E1C3.d.98357DC39A4DE2EEB04B4BC2BFDC4C9C.e.17"
}
[1731868508.396][INFO]: Waiting for pending navigations...
[1731868508.397][INFO]: Done waiting for pending navigations. Status: ok
[1731868508.491][INFO]: Waiting for pending navigations...
[1731868510.333][INFO]: Done waiting for pending navigations. Status: ok
[1731868510.333][INFO]: [4361b112340dbee3d7d40d771a551f7b] RESPONSE ClickElement
[1731868514.352][INFO]: [4361b112340dbee3d7d40d771a551f7b] COMMAND GetUrl {
}
[1731868514.352][INFO]: Waiting for pending navigations...
[1731868514.354][INFO]: Done waiting for pending navigations. Status: ok
[1731868514.362][INFO]: Waiting for pending navigations...
[1731868514.364][INFO]: Done waiting for pending navigations. Status: ok
[1731868514.364][INFO]: [4361b112340dbee3d7d40d771a551f7b] RESPONSE GetUrl "https://leetcode.com/problemset/"
[1731868514.370][INFO]: [4361b112340dbee3d7d40d771a551f7b] COMMAND FindElement {
   "using": "xpath",
   "value": "//a[text()='Two Sum']"
}
[1731868514.370][INFO]: Waiting for pending navigations...
[1731868514.372][INFO]: Done waiting for pending navigations. Status: ok
[1731868514.386][INFO]: Waiting for pending navigations...
[1731868514.388][INFO]: Done waiting for pending navigations. Status: ok
[1731868514.388][INFO]: [4361b112340dbee3d7d40d771a551f7b] RESPONSE FindElement {
   "element-6066-11e4-a52e-4f735466cecf": "f.360B2B3062DB0D08F76F0AE99E91E1C3.d.E2BA5E074FC2731C9D6EFFC01FFB2959.e.81"
}
[1731868514.393][INFO]: [4361b112340dbee3d7d40d771a551f7b] COMMAND ClickElement {
   "id": "f.360B2B3062DB0D08F76F0AE99E91E1C3.d.E2BA5E074FC2731C9D6EFFC01FFB2959.e.81"
}
[1731868514.393][INFO]: Waiting for pending navigations...
[1731868514.395][INFO]: Done waiting for pending navigations. Status: ok
[1731868514.536][INFO]: Waiting for pending navigations...
[1731868515.793][INFO]: Done waiting for pending navigations. Status: ok
[1731868515.793][INFO]: [4361b112340dbee3d7d40d771a551f7b] RESPONSE ClickElement
[1731868515.797][INFO]: [4361b112340dbee3d7d40d771a551f7b] COMMAND FindElement {
   "using": "xpath",
   "value": "//div[@class='flex items-start gap-2']//div/a"
}
[1731868515.797][INFO]: Waiting for pending navigations...
[1731868515.820][INFO]: Done waiting for pending navigations. Status: ok
[1731868516.868][INFO]: Waiting for pending navigations...
[1731868516.892][INFO]: Done waiting for pending navigations. Status: ok
[1731868516.892][INFO]: [4361b112340dbee3d7d40d771a551f7b] RESPONSE FindElement {
   "element-6066-11e4-a52e-4f735466cecf": "f.360B2B3062DB0D08F76F0AE99E91E1C3.d.93DC1EFC691275C77395FEF1ACA8DDFD.e.87"
}
[1731868516.897][INFO]: [4361b112340dbee3d7d40d771a551f7b] COMMAND ExecuteScript {
   "args": [ {
      "element-6066-11e4-a52e-4f735466cecf": "f.360B2B3062DB0D08F76F0AE99E91E1C3.d.93DC1EFC691275C77395FEF1ACA8DDFD.e.87"
   } ],
   "script": "/* isDisplayed */return (function(){return (function(){var g=this||self;\nfunction aa(a){var b=typeof a;if(\"object\"==b)if(a){if(a instanceof Array)return\"array\";if(a instanceof Object)return b;var c=Object.prototype.toString.call(a);if(\"[object Window]\"==c)return\"object\";if(\"[object Array]\"==c||\"number\"==typeof a.length&&\"undefined\"!=typeof a.splice&&\"undefined\"!=typeof a.propertyIsEnumerable&&!a.propertyIsEnumerable(\"splice\"))return\"array\";if(\"[object Function]\"==c||\"undefined\"!=typeof a.call&&\"undefined\"!=typeof a.propertyIsEnumerable&&!a.propertyIsEnumerable(\"call\"))return\"function\"}else return\"null\";else if(\"function\"==\nb&&\"undefined\"==typeof a.call)return\"object\";return b}function ca(a,b){function c(){}c.prototype=b.prototype;a.prototype=new c;a.prototype.constructor=a};var da=Array.prototype.indexOf?function(a,b){return Array.prototype.indexOf.call(a,b,void 0)}:function(a,b){if(\"string\"===typeof a)return\"string\"!==typeof b||1!=b.length?-1:a.indexOf(b,0);for(var c=0;c\u003Ca.length;c++)if(c in a&&a[c]===b)return c;return-1},ea=Array.prototype.some?function(a,b){return Array.prototype.some.call(a,b,void 0)}:function(a,b){for(var c=a.length,e=\"string\"===typeof a?a.split(\"\"):a,d=0;d\u003Cc;d++)if(d in e&&b.call(void 0,e[d],d,a))return!0;return!1},fa=Array.prototype.every?function(a,\nb){return Array.prototype.every.call(a,b,void 0)}:function(a,b){for(var c=a.length,e=\"string\"===typeof a?a.split(\"\"):a,d=0;d\u003Cc;d++)if(d in e&&!b.call(void 0,e[d],d,a))return!1;return!0};var ha={aliceblue:\"#f0f8ff\",antiquewhite:\"#faebd7\",aqua:\"#00ffff\",aquamarine:\"#7fffd4\",azure:\"#f0ffff\",beige:\"#f5f5dc\",bisque:\"#ffe4c4\",black:\"#000000\",blanchedalmond:\"#ffebcd\",blue:\"#0000ff\",blueviolet:\"#8a2be2\",brown:\"#a52a2a\",burlywood:\"#deb887\",cadetblue:\"#5f9ea0\",chartreuse:\"#7fff00\",chocolate:\"#d2691e\",coral:\"#ff7f50\",cornflowerblue:\"#6495ed\",cornsilk:\"#fff8dc\",crimson:\"#dc143c\",cyan:\"#00ffff\",darkblue:\"#00008b\",darkcyan:\"#008b8b\",darkgoldenrod:\"#b8860b\",darkgray:\"#a9a9a9\",darkgreen:\"#006400\",\ndarkgrey:\"#a9a9a9\",darkkhaki:\"#bdb76b\",darkmagenta:\"#8b008b\",darkolivegreen:\"#556b2f\",darkorange:\"#ff8c00\",darkorchid:\"#9932cc\",darkred:\"#8b0000\",darksalmon:\"#e9967a\",darkseagreen:\"#8fbc8f\",darkslateblue:\"#483d8b\",darkslategray:\"#2f4f4f\",darkslategrey:\"#2f4f4f\",darkturquoise:\"#00ced1\",darkviolet:\"#9400d3\",deeppink:\"#ff1493\",deepskyblue:\"#00bfff\",dimgray:\"#696969\",dimgrey:\"#696969\",dodgerblue:\"#1e90ff\",firebrick:\"#b22222\",floralwhite:\"#fffaf0\",forestgreen:\"#228b22\",fuchsia:\"#ff00ff\",gainsboro:\"#dcdcdc\",\nghostwhite:\"#f8f8ff\",gold:\"#ffd700\",goldenrod:\"#daa520\",gray:\"#808080\",green:\"#008000\",greenyellow:\"#adff2f\",grey:\"#808080\",honeydew:\"#f0fff0\",hotpink:\"#ff69b4\",indianred:\"#cd5c5c\",indigo:\"#4b0082\",ivory:\"#fffff0\",khaki:\"#f0e68c\",lavender:\"#e6e6fa\",lavenderblush:\"#fff0f5\",lawngreen:\"#7cfc00\",lemonchiffon:\"#fffacd\",lightblue:\"#add8e6\",lightcoral:\"#f08080\",lightcyan:\"#e0ffff\",lightgoldenrodyellow:\"#fafad2\",lightgray:\"#d3d3d3\",lightgreen:\"#90ee90\",lightgrey:\"#d3d3d3\",lightpink:\"#ffb6c1\",lightsalmon:\"#ffa07a\",\nlightseagreen:\"#20b2aa\",lightskyblue:\"#87cefa\",lightslategray:\"#778899\",lightslategrey:\"#778899\",lightsteelblue:\"#b0c4de\",lightyellow:\"#ffffe0\",lime:\"#00ff00\",limegreen:\"#32cd32\",linen:\"#faf0e6\",magenta:\"#ff00ff\",maroon:\"#800000\",mediumaquamarine:\"#66cdaa\",mediumblue:\"#0000cd\",mediumorchid:\"#ba55d3\",mediumpurple:\"#9370db\",mediumseagreen:\"#3cb371\",mediumslateblue:\"#7b68ee\",mediumspringgreen:\"#00fa9a\",mediumturquoise:\"#48d1cc\",mediumvioletred:\"#c71585\",midnightblue:\"#191970\",mintcream:\"#f5fffa\",mistyrose:\"#ffe4e1\",\nmoccasin:\"#ffe4b5\",navajowhite:\"#ffdead\",navy:\"#000080\",oldlace:\"#fdf5e6\",olive:\"#808000\",olivedrab:\"#6b8e23\",orange:\"#ffa500\",orangered:\"#ff4500\",orchid:\"#da70d6\",palegoldenrod:\"#eee8aa\",palegreen:\"#98fb98\",paleturquoise:\"#afeeee\",palevioletred:\"#db7093\",papayawhip:\"#ffefd5\",peachpuff:\"#ffdab9\",peru:\"#cd853f\",pink:\"#ffc0cb\",plum:\"#dda0dd\",powderblue:\"#b0e0e6\",purple:\"#800080\",red:\"#ff0000\",rosybrown:\"#bc8f8f\",royalblue:\"#4169e1\",saddlebrown:\"#8b4513\",salmon:\"#fa8072\",sandybrown:\"#f4a460\",seagreen:\"#2e8b57\",\nseashell:\"#fff5ee\",sienna:\"#a0522d\",silver:\"#c0c0c0\",skyblue:\"#87ceeb\",slateblue:\"#6a5acd\",slategray:\"#708090\",slategrey:\"#708090\",snow:\"#fffafa\",springgreen:\"#00ff7f\",steelblue:\"#4682b4\",tan:\"#d2b48c\",teal:\"#008080\",thistle:\"#d8bfd8\",tomato:\"#ff6347\",turquoise:\"#40e0d0\",violet:\"#ee82ee\",wheat:\"#f5deb3\",white:\"#ffffff\",whitesmoke:\"#f5f5f5\",yellow:\"#ffff00\",yellowgreen:\"#9acd32\"};var ia=\"backgroundColor borderTopColor borderRightColor borderBottomColor borderLeftColor color outlineColor\".split(\" \"),ja=/#([0-9a-fA-F])([0-9a-fA-F])([0-9a-fA-F])/,ka=/^#(?:[0-9a-f]{3}){1,2}$/i,la=/^(?:rgba)?\\((\\d{1,3}),\\s?(\\d{1,3}),\\s?(\\d{1,3}),\\s?(0|1|0\\.\\d*)\\)$/i,ma=/^(?:rgb)?\\((0|[1-9]\\d{0,2}),\\s?(0|[1-9]\\d{0,2}),\\s?(0|[1-9]\\d{0,2})\\)$/i;function m(a,b){this.code=a;this.a=p[a]||r;this.message=b||\"\";a=this.a.replace(/((?:^|\\s+)[a-z])/g,function(c){return c.toUpperCase().replace(/^[\\s\\xa0]+/g,\"\")});b=a.length-5;if(0>b||a.indexOf(\"Error\",b)!=b)a+=\"Error\";this.name=a;a=Error(this.message);a.name=this.name;this.stack=a.stack||\"\"}ca(m,Error);var r=\"unknown error\",p={15:\"element not selectable\",11:\"element not visible\"};p[31]=r;p[30]=r;p[24]=\"invalid cookie domain\";p[29]=\"invalid element coordinates\";p[12]=\"invalid element state\";\np[32]=\"invalid selector\";p[51]=\"invalid selector\";p[52]=\"invalid selector\";p[17]=\"javascript error\";p[405]=\"unsupported operation\";p[34]=\"move target out of bounds\";p[27]=\"no such alert\";p[7]=\"no such element\";p[8]=\"no such frame\";p[23]=\"no such window\";p[28]=\"script timeout\";p[33]=\"session not created\";p[10]=\"stale element reference\";p[21]=\"timeout\";p[25]=\"unable to set cookie\";p[26]=\"unexpected alert open\";p[13]=r;p[9]=\"unknown command\";var u=String.prototype.trim?function(a){return a.trim()}:function(a){return/^[\\s\\xa0]*([\\s\\S]*?)[\\s\\xa0]*$/.exec(a)[1]};\nfunction na(a,b){var c=0;a=u(String(a)).split(\".\");b=u(String(b)).split(\".\");for(var e=Math.max(a.length,b.length),d=0;0==c&&d\u003Ce;d++){var f=a[d]||\"\",h=b[d]||\"\";do{f=/(\\d*)(\\D*)(.*)/.exec(f)||[\"\",\"\",\"\",\"\"];h=/(\\d*)(\\D*)(.*)/.exec(h)||[\"\",\"\",\"\",\"\"];if(0==f[0].length&&0==h[0].length)break;c=v(0==f[1].length?0:parseInt(f[1],10),0==h[1].length?0:parseInt(h[1],10))||v(0==f[2].length,0==h[2].length)||v(f[2],h[2]);f=f[3];h=h[3]}while(0==c)}return c}function v(a,b){return a\u003Cb?-1:a>b?1:0};var w;a:{var oa=g.navigator;if(oa){var sa=oa.userAgent;if(sa){w=sa;break a}}w=\"\"}function x(a){return-1!=w.indexOf(a)};function y(){return x(\"Firefox\")||x(\"FxiOS\")}function A(){return(x(\"Chrome\")||x(\"CriOS\"))&&!x(\"Edge\")};function ta(a){return String(a).replace(/\\-([a-z])/g,function(b,c){return c.toUpperCase()})};function B(){return x(\"iPhone\")&&!x(\"iPod\")&&!x(\"iPad\")};function ua(a,b){var c=va;return Object.prototype.hasOwnProperty.call(c,a)?c[a]:c[a]=b(a)};var wa=x(\"Opera\"),C=x(\"Trident\")||x(\"MSIE\"),xa=x(\"Edge\"),ya=x(\"Gecko\")&&!(-1!=w.toLowerCase().indexOf(\"webkit\")&&!x(\"Edge\"))&&!(x(\"Trident\")||x(\"MSIE\"))&&!x(\"Edge\"),za=-1!=w.toLowerCase().indexOf(\"webkit\")&&!x(\"Edge\");function Aa(){var a=g.document;return a?a.documentMode:void 0}var E;\na:{var F=\"\",G=function(){var a=w;if(ya)return/rv:([^\\);]+)(\\)|;)/.exec(a);if(xa)return/Edge\\/([\\d\\.]+)/.exec(a);if(C)return/\\b(?:MSIE|rv)[: ]([^\\);]+)(\\)|;)/.exec(a);if(za)return/WebKit\\/(\\S+)/.exec(a);if(wa)return/(?:Version)[ \\/]?(\\S+)/.exec(a)}();G&&(F=G?G[1]:\"\");if(C){var H=Aa();if(null!=H&&H>parseFloat(F)){E=String(H);break a}}E=F}var va={};function Ba(a){return ua(a,function(){return 0\u003C=na(E,a)})}var I;I=g.document&&C?Aa():void 0;var Ca=y(),Da=B()||x(\"iPod\"),Ea=x(\"iPad\"),Fa=x(\"Android\")&&!(A()||y()||x(\"Opera\")||x(\"Silk\")),Ga=A(),Ha=x(\"Safari\")&&!(A()||x(\"Coast\")||x(\"Opera\")||x(\"Edge\")||x(\"Edg/\")||x(\"OPR\")||y()||x(\"Silk\")||x(\"Android\"))&&!(B()||x(\"iPad\")||x(\"iPod\"));function J(a){return(a=a.exec(w))?a[1]:\"\"}(function(){if(Ca)return J(/Firefox\\/([0-9.]+)/);if(C||xa||wa)return E;if(Ga)return B()||x(\"iPad\")||x(\"iPod\")?J(/CriOS\\/([0-9.]+)/):J(/Chrome\\/([0-9.]+)/);if(Ha&&!(B()||x(\"iPad\")||x(\"iPod\")))return J(/Version\\/([0-9.]+)/);if(Da||Ea){var a=/Version\\/(\\S+).*Mobile\\/(\\S+)/.exec(w);if(a)return a[1]+\".\"+a[2]}else if(Fa)return(a=J(/Android\\s+([0-9.]+)/))?a:J(/Version\\/([0-9.]+)/);return\"\"})();var K;if(K=C)K=!(9\u003C=Number(I));var Ia=K;function L(a,b){this.x=void 0!==a?a:0;this.y=void 0!==b?b:0}L.prototype.ceil=function(){this.x=Math.ceil(this.x);this.y=Math.ceil(this.y);return this};L.prototype.floor=function(){this.x=Math.floor(this.x);this.y=Math.floor(this.y);return this};L.prototype.round=function(){this.x=Math.round(this.x);this.y=Math.round(this.y);return this};function M(a,b){this.width=a;this.height=b}M.prototype.aspectRatio=function(){return this.width/this.height};M.prototype.ceil=function(){this.width=Math.ceil(this.width);this.height=Math.ceil(this.height);return this};M.prototype.floor=function(){this.width=Math.floor(this.width);this.height=Math.floor(this.height);return this};M.prototype.round=function(){this.width=Math.round(this.width);this.height=Math.round(this.height);return this};function N(a){return 9==a.nodeType?a:a.ownerDocument||a.document}function Ja(a,b){a&&(a=a.parentNode);for(var c=0;a;){if(b(a))return a;a=a.parentNode;c++}return null}function Ka(a){this.a=a||g.document||document};function P(a,b){b&&\"string\"!==typeof b&&(b=b.toString());return!!a&&1==a.nodeType&&(!b||a.tagName.toUpperCase()==b)};function Q(a,b,c,e){this.f=a;this.a=b;this.b=c;this.c=e}Q.prototype.ceil=function(){this.f=Math.ceil(this.f);this.a=Math.ceil(this.a);this.b=Math.ceil(this.b);this.c=Math.ceil(this.c);return this};Q.prototype.floor=function(){this.f=Math.floor(this.f);this.a=Math.floor(this.a);this.b=Math.floor(this.b);this.c=Math.floor(this.c);return this};Q.prototype.round=function(){this.f=Math.round(this.f);this.a=Math.round(this.a);this.b=Math.round(this.b);this.c=Math.round(this.c);return this};function R(a,b,c,e){this.a=a;this.b=b;this.width=c;this.height=e}R.prototype.ceil=function(){this.a=Math.ceil(this.a);this.b=Math.ceil(this.b);this.width=Math.ceil(this.width);this.height=Math.ceil(this.height);return this};R.prototype.floor=function(){this.a=Math.floor(this.a);this.b=Math.floor(this.b);this.width=Math.floor(this.width);this.height=Math.floor(this.height);return this};\nR.prototype.round=function(){this.a=Math.round(this.a);this.b=Math.round(this.b);this.width=Math.round(this.width);this.height=Math.round(this.height);return this};var La=\"function\"===typeof ShadowRoot;function S(a){for(a=a.parentNode;a&&1!=a.nodeType&&9!=a.nodeType&&11!=a.nodeType;)a=a.parentNode;return P(a)?a:null}\nfunction T(a,b){b=ta(b);if(\"float\"==b||\"cssFloat\"==b||\"styleFloat\"==b)b=Ia?\"styleFloat\":\"cssFloat\";a:{var c=b;var e=N(a);if(e.defaultView&&e.defaultView.getComputedStyle&&(e=e.defaultView.getComputedStyle(a,null))){c=e[c]||e.getPropertyValue(c)||\"\";break a}c=\"\"}a=c||Ma(a,b);if(null===a)a=null;else if(0\u003C=da(ia,b)){b:{var d=a.match(la);if(d&&(b=Number(d[1]),c=Number(d[2]),e=Number(d[3]),d=Number(d[4]),0\u003C=b&&255>=b&&0\u003C=c&&255>=c&&0\u003C=e&&255>=e&&0\u003C=d&&1>=d)){b=[b,c,e,d];break b}b=null}if(!b)b:{if(e=a.match(ma))if(b=\nNumber(e[1]),c=Number(e[2]),e=Number(e[3]),0\u003C=b&&255>=b&&0\u003C=c&&255>=c&&0\u003C=e&&255>=e){b=[b,c,e,1];break b}b=null}if(!b)b:{b=a.toLowerCase();c=ha[b.toLowerCase()];if(!c&&(c=\"#\"==b.charAt(0)?b:\"#\"+b,4==c.length&&(c=c.replace(ja,\"#$1$1$2$2$3$3\")),!ka.test(c))){b=null;break b}b=[parseInt(c.substr(1,2),16),parseInt(c.substr(3,2),16),parseInt(c.substr(5,2),16),1]}a=b?\"rgba(\"+b.join(\", \")+\")\":a}return a}\nfunction Ma(a,b){var c=a.currentStyle||a.style,e=c[b];void 0===e&&\"function\"==aa(c.getPropertyValue)&&(e=c.getPropertyValue(b));return\"inherit\"!=e?void 0!==e?e:null:(a=S(a))?Ma(a,b):null}\nfunction U(a,b,c){function e(h){var n=V(h);return 0\u003Cn.height&&0\u003Cn.width?!0:P(h,\"PATH\")&&(0\u003Cn.height||0\u003Cn.width)?(h=T(h,\"stroke-width\"),!!h&&0\u003CparseInt(h,10)):\"hidden\"!=T(h,\"overflow\")&&ea(h.childNodes,function(D){return 3==D.nodeType||P(D)&&e(D)})}function d(h){return Na(h)==W&&fa(h.childNodes,function(n){return!P(n)||d(n)||!e(n)})}if(!P(a))throw Error(\"Argument to isShown must be of type Element\");if(P(a,\"BODY\"))return!0;if(P(a,\"OPTION\")||P(a,\"OPTGROUP\"))return a=Ja(a,function(h){return P(h,\"SELECT\")}),\n!!a&&U(a,!0,c);var f=Oa(a);if(f)return!!f.image&&0\u003Cf.rect.width&&0\u003Cf.rect.height&&U(f.image,b,c);if(P(a,\"INPUT\")&&\"hidden\"==a.type.toLowerCase()||P(a,\"NOSCRIPT\"))return!1;f=T(a,\"visibility\");return\"collapse\"!=f&&\"hidden\"!=f&&c(a)&&(b||0!=Pa(a))&&e(a)?!d(a):!1}var W=\"hidden\";\nfunction Na(a){function b(k){function l(ba){if(ba==h)return!0;var pa=T(ba,\"display\");return 0==pa.lastIndexOf(\"inline\",0)||\"contents\"==pa||\"absolute\"==qa&&\"static\"==T(ba,\"position\")?!1:!0}var qa=T(k,\"position\");if(\"fixed\"==qa)return ra=!0,k==h?null:h;for(k=S(k);k&&!l(k);)k=S(k);return k}function c(k){var l=k;if(\"visible\"==D)if(k==h&&n)l=n;else if(k==n)return{x:\"visible\",y:\"visible\"};l={x:T(l,\"overflow-x\"),y:T(l,\"overflow-y\")};k==h&&(l.x=\"visible\"==l.x?\"auto\":l.x,l.y=\"visible\"==l.y?\"auto\":l.y);return l}\nfunction e(k){if(k==h){var l=(new Ka(f)).a;k=l.scrollingElement?l.scrollingElement:za||\"CSS1Compat\"!=l.compatMode?l.body||l.documentElement:l.documentElement;l=l.parentWindow||l.defaultView;k=C&&Ba(\"10\")&&l.pageYOffset!=k.scrollTop?new L(k.scrollLeft,k.scrollTop):new L(l.pageXOffset||k.scrollLeft,l.pageYOffset||k.scrollTop)}else k=new L(k.scrollLeft,k.scrollTop);return k}var d=Qa(a),f=N(a),h=f.documentElement,n=f.body,D=T(h,\"overflow\"),ra;for(a=b(a);a;a=b(a)){var q=c(a);if(\"visible\"!=q.x||\"visible\"!=\nq.y){var t=V(a);if(0==t.width||0==t.height)return W;var z=d.a\u003Ct.a,O=d.b\u003Ct.b;if(z&&\"hidden\"==q.x||O&&\"hidden\"==q.y)return W;if(z&&\"visible\"!=q.x||O&&\"visible\"!=q.y){z=e(a);O=d.b\u003Ct.b-z.y;if(d.a\u003Ct.a-z.x&&\"visible\"!=q.x||O&&\"visible\"!=q.x)return W;d=Na(a);return d==W?W:\"scroll\"}z=d.c>=t.a+t.width;t=d.f>=t.b+t.height;if(z&&\"hidden\"==q.x||t&&\"hidden\"==q.y)return W;if(z&&\"visible\"!=q.x||t&&\"visible\"!=q.y){if(ra&&(q=e(a),d.c>=h.scrollWidth-q.x||d.a>=h.scrollHeight-q.y))return W;d=Na(a);return d==W?W:\"scroll\"}}}return\"none\"}\nfunction V(a){var b=Oa(a);if(b)return b.rect;if(P(a,\"HTML\"))return a=N(a),a=((a?a.parentWindow||a.defaultView:window)||window).document,a=\"CSS1Compat\"==a.compatMode?a.documentElement:a.body,a=new M(a.clientWidth,a.clientHeight),new R(0,0,a.width,a.height);try{var c=a.getBoundingClientRect()}catch(e){return new R(0,0,0,0)}b=new R(c.left,c.top,c.right-c.left,c.bottom-c.top);C&&a.ownerDocument.body&&(a=N(a),b.a-=a.documentElement.clientLeft+a.body.clientLeft,b.b-=a.documentElement.clientTop+a.body.clientTop);\nreturn b}\nfunction Oa(a){var b=P(a,\"MAP\");if(!b&&!P(a,\"AREA\"))return null;var c=b?a:P(a.parentNode,\"MAP\")?a.parentNode:null,e=null,d=null;if(c&&c.name){e='*[usemap=\"#'+c.name+'\"]';c=N(c);var f;if(f=\"function\"!=aa(c.querySelector)&&C&&(C?0\u003C=na(I,8):Ba(8))){f=c.querySelector;var h=typeof f;f=!(\"object\"==h&&null!=f||\"function\"==h)}if(f)throw Error(\"CSS selection is not supported\");if(!e)throw new m(32,\"No selector specified\");e=u(e);try{var n=c.querySelector(e)}catch(D){throw new m(32,\"An invalid or illegal selector was specified\");}if(e=\nn&&1==n.nodeType?n:null)d=V(e),b||\"default\"==a.shape.toLowerCase()||(a=Ra(a),b=Math.min(Math.max(a.a,0),d.width),n=Math.min(Math.max(a.b,0),d.height),d=new R(b+d.a,n+d.b,Math.min(a.width,d.width-b),Math.min(a.height,d.height-n)))}return{image:e,rect:d||new R(0,0,0,0)}}\nfunction Ra(a){var b=a.shape.toLowerCase();a=a.coords.split(\",\");if(\"rect\"==b&&4==a.length){b=a[0];var c=a[1];return new R(b,c,a[2]-b,a[3]-c)}if(\"circle\"==b&&3==a.length)return b=a[2],new R(a[0]-b,a[1]-b,2*b,2*b);if(\"poly\"==b&&2\u003Ca.length){b=a[0];c=a[1];for(var e=b,d=c,f=2;f+1\u003Ca.length;f+=2)b=Math.min(b,a[f]),e=Math.max(e,a[f]),c=Math.min(c,a[f+1]),d=Math.max(d,a[f+1]);return new R(b,c,e-b,d-c)}return new R(0,0,0,0)}function Qa(a){a=V(a);return new Q(a.b,a.a+a.width,a.b+a.height,a.a)}\nfunction Pa(a){if(Ia){if(\"relative\"==T(a,\"position\"))return 1;a=T(a,\"filter\");return(a=a.match(/^alpha\\(opacity=(\\d*)\\)/)||a.match(/^progid:DXImageTransform.Microsoft.Alpha\\(Opacity=(\\d*)\\)/))?Number(a[1])/100:1}return Sa(a)}function Sa(a){var b=1,c=T(a,\"opacity\");c&&(b=Number(c));(a=S(a))&&(b*=Sa(a));return b};function Ta(a,b){function c(e){if(P(e)&&\"none\"==T(e,\"display\"))return!1;var d;if((d=e.parentNode)&&d.shadowRoot&&void 0!==e.assignedSlot)d=e.assignedSlot?e.assignedSlot.parentNode:null;else if(e.getDestinationInsertionPoints){var f=e.getDestinationInsertionPoints();0\u003Cf.length&&(d=f[f.length-1])}if(La&&d instanceof ShadowRoot){if(d.host.shadowRoot&&d.host.shadowRoot!==d)return!1;d=d.host}return!d||9!=d.nodeType&&11!=d.nodeType?d&&P(d,\"DETAILS\")&&!d.open&&!P(e,\"SUMMARY\")?!1:!!d&&c(d):!0}return U(a,\n!!b,c)}var X=[\"_\"],Y=g;X[0]in Y||\"undefined\"==typeof Y.execScript||Y.execScript(\"var \"+X[0]);for(var Z;X.length&&(Z=X.shift());)X.length||void 0===Ta?Y[Z]&&Y[Z]!==Object.prototype[Z]?Y=Y[Z]:Y=Y[Z]={}:Y[Z]=Ta;; return this._.apply(null,arguments);}).apply({navigator:typeof window!='undefined'?window.navigator:null,document:typeof window!='undefined'?window.document:null}, arguments);}\n).apply(null, arguments);"
}
[1731868516.897][INFO]: Waiting for pending navigations...
[1731868516.922][INFO]: Done waiting for pending navigations. Status: ok
[1731868516.962][INFO]: Waiting for pending navigations...
[1731868516.980][INFO]: Done waiting for pending navigations. Status: ok
[1731868516.980][INFO]: [4361b112340dbee3d7d40d771a551f7b] RESPONSE ExecuteScript true
[1731868516.983][INFO]: [4361b112340dbee3d7d40d771a551f7b] COMMAND GetUrl {
}
[1731868516.983][INFO]: Waiting for pending navigations...
[1731868517.071][INFO]: Done waiting for pending navigations. Status: ok
[1731868517.124][INFO]: Waiting for pending navigations...
[1731868517.130][INFO]: Done waiting for pending navigations. Status: ok
[1731868517.130][INFO]: [4361b112340dbee3d7d40d771a551f7b] RESPONSE GetUrl "https://leetcode.com/problems/two-sum/description/"
[1731868517.133][INFO]: [4361b112340dbee3d7d40d771a551f7b] COMMAND FindElement {
   "using": "xpath",
   "value": "//div[@class='normal absolute left-0 top-0 whitespace-nowrap font-normal' and text()='Submissions']"
}
[1731868517.134][INFO]: Waiting for pending navigations...
[1731868517.263][INFO]: Done waiting for pending navigations. Status: ok
[1731868517.284][INFO]: Waiting for pending navigations...
[1731868517.377][INFO]: Done waiting for pending navigations. Status: ok
[1731868517.377][INFO]: [4361b112340dbee3d7d40d771a551f7b] RESPONSE FindElement {
   "element-6066-11e4-a52e-4f735466cecf": "f.360B2B3062DB0D08F76F0AE99E91E1C3.d.93DC1EFC691275C77395FEF1ACA8DDFD.e.103"
}
[1731868517.382][INFO]: [4361b112340dbee3d7d40d771a551f7b] COMMAND ExecuteScript {
   "args": [ {
      "element-6066-11e4-a52e-4f735466cecf": "f.360B2B3062DB0D08F76F0AE99E91E1C3.d.93DC1EFC691275C77395FEF1ACA8DDFD.e.103"
   } ],
   "script": "/* isDisplayed */return (function(){return (function(){var g=this||self;\nfunction aa(a){var b=typeof a;if(\"object\"==b)if(a){if(a instanceof Array)return\"array\";if(a instanceof Object)return b;var c=Object.prototype.toString.call(a);if(\"[object Window]\"==c)return\"object\";if(\"[object Array]\"==c||\"number\"==typeof a.length&&\"undefined\"!=typeof a.splice&&\"undefined\"!=typeof a.propertyIsEnumerable&&!a.propertyIsEnumerable(\"splice\"))return\"array\";if(\"[object Function]\"==c||\"undefined\"!=typeof a.call&&\"undefined\"!=typeof a.propertyIsEnumerable&&!a.propertyIsEnumerable(\"call\"))return\"function\"}else return\"null\";else if(\"function\"==\nb&&\"undefined\"==typeof a.call)return\"object\";return b}function ca(a,b){function c(){}c.prototype=b.prototype;a.prototype=new c;a.prototype.constructor=a};var da=Array.prototype.indexOf?function(a,b){return Array.prototype.indexOf.call(a,b,void 0)}:function(a,b){if(\"string\"===typeof a)return\"string\"!==typeof b||1!=b.length?-1:a.indexOf(b,0);for(var c=0;c\u003Ca.length;c++)if(c in a&&a[c]===b)return c;return-1},ea=Array.prototype.some?function(a,b){return Array.prototype.some.call(a,b,void 0)}:function(a,b){for(var c=a.length,e=\"string\"===typeof a?a.split(\"\"):a,d=0;d\u003Cc;d++)if(d in e&&b.call(void 0,e[d],d,a))return!0;return!1},fa=Array.prototype.every?function(a,\nb){return Array.prototype.every.call(a,b,void 0)}:function(a,b){for(var c=a.length,e=\"string\"===typeof a?a.split(\"\"):a,d=0;d\u003Cc;d++)if(d in e&&!b.call(void 0,e[d],d,a))return!1;return!0};var ha={aliceblue:\"#f0f8ff\",antiquewhite:\"#faebd7\",aqua:\"#00ffff\",aquamarine:\"#7fffd4\",azure:\"#f0ffff\",beige:\"#f5f5dc\",bisque:\"#ffe4c4\",black:\"#000000\",blanchedalmond:\"#ffebcd\",blue:\"#0000ff\",blueviolet:\"#8a2be2\",brown:\"#a52a2a\",burlywood:\"#deb887\",cadetblue:\"#5f9ea0\",chartreuse:\"#7fff00\",chocolate:\"#d2691e\",coral:\"#ff7f50\",cornflowerblue:\"#6495ed\",cornsilk:\"#fff8dc\",crimson:\"#dc143c\",cyan:\"#00ffff\",darkblue:\"#00008b\",darkcyan:\"#008b8b\",darkgoldenrod:\"#b8860b\",darkgray:\"#a9a9a9\",darkgreen:\"#006400\",\ndarkgrey:\"#a9a9a9\",darkkhaki:\"#bdb76b\",darkmagenta:\"#8b008b\",darkolivegreen:\"#556b2f\",darkorange:\"#ff8c00\",darkorchid:\"#9932cc\",darkred:\"#8b0000\",darksalmon:\"#e9967a\",darkseagreen:\"#8fbc8f\",darkslateblue:\"#483d8b\",darkslategray:\"#2f4f4f\",darkslategrey:\"#2f4f4f\",darkturquoise:\"#00ced1\",darkviolet:\"#9400d3\",deeppink:\"#ff1493\",deepskyblue:\"#00bfff\",dimgray:\"#696969\",dimgrey:\"#696969\",dodgerblue:\"#1e90ff\",firebrick:\"#b22222\",floralwhite:\"#fffaf0\",forestgreen:\"#228b22\",fuchsia:\"#ff00ff\",gainsboro:\"#dcdcdc\",\nghostwhite:\"#f8f8ff\",gold:\"#ffd700\",goldenrod:\"#daa520\",gray:\"#808080\",green:\"#008000\",greenyellow:\"#adff2f\",grey:\"#808080\",honeydew:\"#f0fff0\",hotpink:\"#ff69b4\",indianred:\"#cd5c5c\",indigo:\"#4b0082\",ivory:\"#fffff0\",khaki:\"#f0e68c\",lavender:\"#e6e6fa\",lavenderblush:\"#fff0f5\",lawngreen:\"#7cfc00\",lemonchiffon:\"#fffacd\",lightblue:\"#add8e6\",lightcoral:\"#f08080\",lightcyan:\"#e0ffff\",lightgoldenrodyellow:\"#fafad2\",lightgray:\"#d3d3d3\",lightgreen:\"#90ee90\",lightgrey:\"#d3d3d3\",lightpink:\"#ffb6c1\",lightsalmon:\"#ffa07a\",\nlightseagreen:\"#20b2aa\",lightskyblue:\"#87cefa\",lightslategray:\"#778899\",lightslategrey:\"#778899\",lightsteelblue:\"#b0c4de\",lightyellow:\"#ffffe0\",lime:\"#00ff00\",limegreen:\"#32cd32\",linen:\"#faf0e6\",magenta:\"#ff00ff\",maroon:\"#800000\",mediumaquamarine:\"#66cdaa\",mediumblue:\"#0000cd\",mediumorchid:\"#ba55d3\",mediumpurple:\"#9370db\",mediumseagreen:\"#3cb371\",mediumslateblue:\"#7b68ee\",mediumspringgreen:\"#00fa9a\",mediumturquoise:\"#48d1cc\",mediumvioletred:\"#c71585\",midnightblue:\"#191970\",mintcream:\"#f5fffa\",mistyrose:\"#ffe4e1\",\nmoccasin:\"#ffe4b5\",navajowhite:\"#ffdead\",navy:\"#000080\",oldlace:\"#fdf5e6\",olive:\"#808000\",olivedrab:\"#6b8e23\",orange:\"#ffa500\",orangered:\"#ff4500\",orchid:\"#da70d6\",palegoldenrod:\"#eee8aa\",palegreen:\"#98fb98\",paleturquoise:\"#afeeee\",palevioletred:\"#db7093\",papayawhip:\"#ffefd5\",peachpuff:\"#ffdab9\",peru:\"#cd853f\",pink:\"#ffc0cb\",plum:\"#dda0dd\",powderblue:\"#b0e0e6\",purple:\"#800080\",red:\"#ff0000\",rosybrown:\"#bc8f8f\",royalblue:\"#4169e1\",saddlebrown:\"#8b4513\",salmon:\"#fa8072\",sandybrown:\"#f4a460\",seagreen:\"#2e8b57\",\nseashell:\"#fff5ee\",sienna:\"#a0522d\",silver:\"#c0c0c0\",skyblue:\"#87ceeb\",slateblue:\"#6a5acd\",slategray:\"#708090\",slategrey:\"#708090\",snow:\"#fffafa\",springgreen:\"#00ff7f\",steelblue:\"#4682b4\",tan:\"#d2b48c\",teal:\"#008080\",thistle:\"#d8bfd8\",tomato:\"#ff6347\",turquoise:\"#40e0d0\",violet:\"#ee82ee\",wheat:\"#f5deb3\",white:\"#ffffff\",whitesmoke:\"#f5f5f5\",yellow:\"#ffff00\",yellowgreen:\"#9acd32\"};var ia=\"backgroundColor borderTopColor borderRightColor borderBottomColor borderLeftColor color outlineColor\".split(\" \"),ja=/#([0-9a-fA-F])([0-9a-fA-F])([0-9a-fA-F])/,ka=/^#(?:[0-9a-f]{3}){1,2}$/i,la=/^(?:rgba)?\\((\\d{1,3}),\\s?(\\d{1,3}),\\s?(\\d{1,3}),\\s?(0|1|0\\.\\d*)\\)$/i,ma=/^(?:rgb)?\\((0|[1-9]\\d{0,2}),\\s?(0|[1-9]\\d{0,2}),\\s?(0|[1-9]\\d{0,2})\\)$/i;function m(a,b){this.code=a;this.a=p[a]||r;this.message=b||\"\";a=this.a.replace(/((?:^|\\s+)[a-z])/g,function(c){return c.toUpperCase().replace(/^[\\s\\xa0]+/g,\"\")});b=a.length-5;if(0>b||a.indexOf(\"Error\",b)!=b)a+=\"Error\";this.name=a;a=Error(this.message);a.name=this.name;this.stack=a.stack||\"\"}ca(m,Error);var r=\"unknown error\",p={15:\"element not selectable\",11:\"element not visible\"};p[31]=r;p[30]=r;p[24]=\"invalid cookie domain\";p[29]=\"invalid element coordinates\";p[12]=\"invalid element state\";\np[32]=\"invalid selector\";p[51]=\"invalid selector\";p[52]=\"invalid selector\";p[17]=\"javascript error\";p[405]=\"unsupported operation\";p[34]=\"move target out of bounds\";p[27]=\"no such alert\";p[7]=\"no such element\";p[8]=\"no such frame\";p[23]=\"no such window\";p[28]=\"script timeout\";p[33]=\"session not created\";p[10]=\"stale element reference\";p[21]=\"timeout\";p[25]=\"unable to set cookie\";p[26]=\"unexpected alert open\";p[13]=r;p[9]=\"unknown command\";var u=String.prototype.trim?function(a){return a.trim()}:function(a){return/^[\\s\\xa0]*([\\s\\S]*?)[\\s\\xa0]*$/.exec(a)[1]};\nfunction na(a,b){var c=0;a=u(String(a)).split(\".\");b=u(String(b)).split(\".\");for(var e=Math.max(a.length,b.length),d=0;0==c&&d\u003Ce;d++){var f=a[d]||\"\",h=b[d]||\"\";do{f=/(\\d*)(\\D*)(.*)/.exec(f)||[\"\",\"\",\"\",\"\"];h=/(\\d*)(\\D*)(.*)/.exec(h)||[\"\",\"\",\"\",\"\"];if(0==f[0].length&&0==h[0].length)break;c=v(0==f[1].length?0:parseInt(f[1],10),0==h[1].length?0:parseInt(h[1],10))||v(0==f[2].length,0==h[2].length)||v(f[2],h[2]);f=f[3];h=h[3]}while(0==c)}return c}function v(a,b){return a\u003Cb?-1:a>b?1:0};var w;a:{var oa=g.navigator;if(oa){var sa=oa.userAgent;if(sa){w=sa;break a}}w=\"\"}function x(a){return-1!=w.indexOf(a)};function y(){return x(\"Firefox\")||x(\"FxiOS\")}function A(){return(x(\"Chrome\")||x(\"CriOS\"))&&!x(\"Edge\")};function ta(a){return String(a).replace(/\\-([a-z])/g,function(b,c){return c.toUpperCase()})};function B(){return x(\"iPhone\")&&!x(\"iPod\")&&!x(\"iPad\")};function ua(a,b){var c=va;return Object.prototype.hasOwnProperty.call(c,a)?c[a]:c[a]=b(a)};var wa=x(\"Opera\"),C=x(\"Trident\")||x(\"MSIE\"),xa=x(\"Edge\"),ya=x(\"Gecko\")&&!(-1!=w.toLowerCase().indexOf(\"webkit\")&&!x(\"Edge\"))&&!(x(\"Trident\")||x(\"MSIE\"))&&!x(\"Edge\"),za=-1!=w.toLowerCase().indexOf(\"webkit\")&&!x(\"Edge\");function Aa(){var a=g.document;return a?a.documentMode:void 0}var E;\na:{var F=\"\",G=function(){var a=w;if(ya)return/rv:([^\\);]+)(\\)|;)/.exec(a);if(xa)return/Edge\\/([\\d\\.]+)/.exec(a);if(C)return/\\b(?:MSIE|rv)[: ]([^\\);]+)(\\)|;)/.exec(a);if(za)return/WebKit\\/(\\S+)/.exec(a);if(wa)return/(?:Version)[ \\/]?(\\S+)/.exec(a)}();G&&(F=G?G[1]:\"\");if(C){var H=Aa();if(null!=H&&H>parseFloat(F)){E=String(H);break a}}E=F}var va={};function Ba(a){return ua(a,function(){return 0\u003C=na(E,a)})}var I;I=g.document&&C?Aa():void 0;var Ca=y(),Da=B()||x(\"iPod\"),Ea=x(\"iPad\"),Fa=x(\"Android\")&&!(A()||y()||x(\"Opera\")||x(\"Silk\")),Ga=A(),Ha=x(\"Safari\")&&!(A()||x(\"Coast\")||x(\"Opera\")||x(\"Edge\")||x(\"Edg/\")||x(\"OPR\")||y()||x(\"Silk\")||x(\"Android\"))&&!(B()||x(\"iPad\")||x(\"iPod\"));function J(a){return(a=a.exec(w))?a[1]:\"\"}(function(){if(Ca)return J(/Firefox\\/([0-9.]+)/);if(C||xa||wa)return E;if(Ga)return B()||x(\"iPad\")||x(\"iPod\")?J(/CriOS\\/([0-9.]+)/):J(/Chrome\\/([0-9.]+)/);if(Ha&&!(B()||x(\"iPad\")||x(\"iPod\")))return J(/Version\\/([0-9.]+)/);if(Da||Ea){var a=/Version\\/(\\S+).*Mobile\\/(\\S+)/.exec(w);if(a)return a[1]+\".\"+a[2]}else if(Fa)return(a=J(/Android\\s+([0-9.]+)/))?a:J(/Version\\/([0-9.]+)/);return\"\"})();var K;if(K=C)K=!(9\u003C=Number(I));var Ia=K;function L(a,b){this.x=void 0!==a?a:0;this.y=void 0!==b?b:0}L.prototype.ceil=function(){this.x=Math.ceil(this.x);this.y=Math.ceil(this.y);return this};L.prototype.floor=function(){this.x=Math.floor(this.x);this.y=Math.floor(this.y);return this};L.prototype.round=function(){this.x=Math.round(this.x);this.y=Math.round(this.y);return this};function M(a,b){this.width=a;this.height=b}M.prototype.aspectRatio=function(){return this.width/this.height};M.prototype.ceil=function(){this.width=Math.ceil(this.width);this.height=Math.ceil(this.height);return this};M.prototype.floor=function(){this.width=Math.floor(this.width);this.height=Math.floor(this.height);return this};M.prototype.round=function(){this.width=Math.round(this.width);this.height=Math.round(this.height);return this};function N(a){return 9==a.nodeType?a:a.ownerDocument||a.document}function Ja(a,b){a&&(a=a.parentNode);for(var c=0;a;){if(b(a))return a;a=a.parentNode;c++}return null}function Ka(a){this.a=a||g.document||document};function P(a,b){b&&\"string\"!==typeof b&&(b=b.toString());return!!a&&1==a.nodeType&&(!b||a.tagName.toUpperCase()==b)};function Q(a,b,c,e){this.f=a;this.a=b;this.b=c;this.c=e}Q.prototype.ceil=function(){this.f=Math.ceil(this.f);this.a=Math.ceil(this.a);this.b=Math.ceil(this.b);this.c=Math.ceil(this.c);return this};Q.prototype.floor=function(){this.f=Math.floor(this.f);this.a=Math.floor(this.a);this.b=Math.floor(this.b);this.c=Math.floor(this.c);return this};Q.prototype.round=function(){this.f=Math.round(this.f);this.a=Math.round(this.a);this.b=Math.round(this.b);this.c=Math.round(this.c);return this};function R(a,b,c,e){this.a=a;this.b=b;this.width=c;this.height=e}R.prototype.ceil=function(){this.a=Math.ceil(this.a);this.b=Math.ceil(this.b);this.width=Math.ceil(this.width);this.height=Math.ceil(this.height);return this};R.prototype.floor=function(){this.a=Math.floor(this.a);this.b=Math.floor(this.b);this.width=Math.floor(this.width);this.height=Math.floor(this.height);return this};\nR.prototype.round=function(){this.a=Math.round(this.a);this.b=Math.round(this.b);this.width=Math.round(this.width);this.height=Math.round(this.height);return this};var La=\"function\"===typeof ShadowRoot;function S(a){for(a=a.parentNode;a&&1!=a.nodeType&&9!=a.nodeType&&11!=a.nodeType;)a=a.parentNode;return P(a)?a:null}\nfunction T(a,b){b=ta(b);if(\"float\"==b||\"cssFloat\"==b||\"styleFloat\"==b)b=Ia?\"styleFloat\":\"cssFloat\";a:{var c=b;var e=N(a);if(e.defaultView&&e.defaultView.getComputedStyle&&(e=e.defaultView.getComputedStyle(a,null))){c=e[c]||e.getPropertyValue(c)||\"\";break a}c=\"\"}a=c||Ma(a,b);if(null===a)a=null;else if(0\u003C=da(ia,b)){b:{var d=a.match(la);if(d&&(b=Number(d[1]),c=Number(d[2]),e=Number(d[3]),d=Number(d[4]),0\u003C=b&&255>=b&&0\u003C=c&&255>=c&&0\u003C=e&&255>=e&&0\u003C=d&&1>=d)){b=[b,c,e,d];break b}b=null}if(!b)b:{if(e=a.match(ma))if(b=\nNumber(e[1]),c=Number(e[2]),e=Number(e[3]),0\u003C=b&&255>=b&&0\u003C=c&&255>=c&&0\u003C=e&&255>=e){b=[b,c,e,1];break b}b=null}if(!b)b:{b=a.toLowerCase();c=ha[b.toLowerCase()];if(!c&&(c=\"#\"==b.charAt(0)?b:\"#\"+b,4==c.length&&(c=c.replace(ja,\"#$1$1$2$2$3$3\")),!ka.test(c))){b=null;break b}b=[parseInt(c.substr(1,2),16),parseInt(c.substr(3,2),16),parseInt(c.substr(5,2),16),1]}a=b?\"rgba(\"+b.join(\", \")+\")\":a}return a}\nfunction Ma(a,b){var c=a.currentStyle||a.style,e=c[b];void 0===e&&\"function\"==aa(c.getPropertyValue)&&(e=c.getPropertyValue(b));return\"inherit\"!=e?void 0!==e?e:null:(a=S(a))?Ma(a,b):null}\nfunction U(a,b,c){function e(h){var n=V(h);return 0\u003Cn.height&&0\u003Cn.width?!0:P(h,\"PATH\")&&(0\u003Cn.height||0\u003Cn.width)?(h=T(h,\"stroke-width\"),!!h&&0\u003CparseInt(h,10)):\"hidden\"!=T(h,\"overflow\")&&ea(h.childNodes,function(D){return 3==D.nodeType||P(D)&&e(D)})}function d(h){return Na(h)==W&&fa(h.childNodes,function(n){return!P(n)||d(n)||!e(n)})}if(!P(a))throw Error(\"Argument to isShown must be of type Element\");if(P(a,\"BODY\"))return!0;if(P(a,\"OPTION\")||P(a,\"OPTGROUP\"))return a=Ja(a,function(h){return P(h,\"SELECT\")}),\n!!a&&U(a,!0,c);var f=Oa(a);if(f)return!!f.image&&0\u003Cf.rect.width&&0\u003Cf.rect.height&&U(f.image,b,c);if(P(a,\"INPUT\")&&\"hidden\"==a.type.toLowerCase()||P(a,\"NOSCRIPT\"))return!1;f=T(a,\"visibility\");return\"collapse\"!=f&&\"hidden\"!=f&&c(a)&&(b||0!=Pa(a))&&e(a)?!d(a):!1}var W=\"hidden\";\nfunction Na(a){function b(k){function l(ba){if(ba==h)return!0;var pa=T(ba,\"display\");return 0==pa.lastIndexOf(\"inline\",0)||\"contents\"==pa||\"absolute\"==qa&&\"static\"==T(ba,\"position\")?!1:!0}var qa=T(k,\"position\");if(\"fixed\"==qa)return ra=!0,k==h?null:h;for(k=S(k);k&&!l(k);)k=S(k);return k}function c(k){var l=k;if(\"visible\"==D)if(k==h&&n)l=n;else if(k==n)return{x:\"visible\",y:\"visible\"};l={x:T(l,\"overflow-x\"),y:T(l,\"overflow-y\")};k==h&&(l.x=\"visible\"==l.x?\"auto\":l.x,l.y=\"visible\"==l.y?\"auto\":l.y);return l}\nfunction e(k){if(k==h){var l=(new Ka(f)).a;k=l.scrollingElement?l.scrollingElement:za||\"CSS1Compat\"!=l.compatMode?l.body||l.documentElement:l.documentElement;l=l.parentWindow||l.defaultView;k=C&&Ba(\"10\")&&l.pageYOffset!=k.scrollTop?new L(k.scrollLeft,k.scrollTop):new L(l.pageXOffset||k.scrollLeft,l.pageYOffset||k.scrollTop)}else k=new L(k.scrollLeft,k.scrollTop);return k}var d=Qa(a),f=N(a),h=f.documentElement,n=f.body,D=T(h,\"overflow\"),ra;for(a=b(a);a;a=b(a)){var q=c(a);if(\"visible\"!=q.x||\"visible\"!=\nq.y){var t=V(a);if(0==t.width||0==t.height)return W;var z=d.a\u003Ct.a,O=d.b\u003Ct.b;if(z&&\"hidden\"==q.x||O&&\"hidden\"==q.y)return W;if(z&&\"visible\"!=q.x||O&&\"visible\"!=q.y){z=e(a);O=d.b\u003Ct.b-z.y;if(d.a\u003Ct.a-z.x&&\"visible\"!=q.x||O&&\"visible\"!=q.x)return W;d=Na(a);return d==W?W:\"scroll\"}z=d.c>=t.a+t.width;t=d.f>=t.b+t.height;if(z&&\"hidden\"==q.x||t&&\"hidden\"==q.y)return W;if(z&&\"visible\"!=q.x||t&&\"visible\"!=q.y){if(ra&&(q=e(a),d.c>=h.scrollWidth-q.x||d.a>=h.scrollHeight-q.y))return W;d=Na(a);return d==W?W:\"scroll\"}}}return\"none\"}\nfunction V(a){var b=Oa(a);if(b)return b.rect;if(P(a,\"HTML\"))return a=N(a),a=((a?a.parentWindow||a.defaultView:window)||window).document,a=\"CSS1Compat\"==a.compatMode?a.documentElement:a.body,a=new M(a.clientWidth,a.clientHeight),new R(0,0,a.width,a.height);try{var c=a.getBoundingClientRect()}catch(e){return new R(0,0,0,0)}b=new R(c.left,c.top,c.right-c.left,c.bottom-c.top);C&&a.ownerDocument.body&&(a=N(a),b.a-=a.documentElement.clientLeft+a.body.clientLeft,b.b-=a.documentElement.clientTop+a.body.clientTop);\nreturn b}\nfunction Oa(a){var b=P(a,\"MAP\");if(!b&&!P(a,\"AREA\"))return null;var c=b?a:P(a.parentNode,\"MAP\")?a.parentNode:null,e=null,d=null;if(c&&c.name){e='*[usemap=\"#'+c.name+'\"]';c=N(c);var f;if(f=\"function\"!=aa(c.querySelector)&&C&&(C?0\u003C=na(I,8):Ba(8))){f=c.querySelector;var h=typeof f;f=!(\"object\"==h&&null!=f||\"function\"==h)}if(f)throw Error(\"CSS selection is not supported\");if(!e)throw new m(32,\"No selector specified\");e=u(e);try{var n=c.querySelector(e)}catch(D){throw new m(32,\"An invalid or illegal selector was specified\");}if(e=\nn&&1==n.nodeType?n:null)d=V(e),b||\"default\"==a.shape.toLowerCase()||(a=Ra(a),b=Math.min(Math.max(a.a,0),d.width),n=Math.min(Math.max(a.b,0),d.height),d=new R(b+d.a,n+d.b,Math.min(a.width,d.width-b),Math.min(a.height,d.height-n)))}return{image:e,rect:d||new R(0,0,0,0)}}\nfunction Ra(a){var b=a.shape.toLowerCase();a=a.coords.split(\",\");if(\"rect\"==b&&4==a.length){b=a[0];var c=a[1];return new R(b,c,a[2]-b,a[3]-c)}if(\"circle\"==b&&3==a.length)return b=a[2],new R(a[0]-b,a[1]-b,2*b,2*b);if(\"poly\"==b&&2\u003Ca.length){b=a[0];c=a[1];for(var e=b,d=c,f=2;f+1\u003Ca.length;f+=2)b=Math.min(b,a[f]),e=Math.max(e,a[f]),c=Math.min(c,a[f+1]),d=Math.max(d,a[f+1]);return new R(b,c,e-b,d-c)}return new R(0,0,0,0)}function Qa(a){a=V(a);return new Q(a.b,a.a+a.width,a.b+a.height,a.a)}\nfunction Pa(a){if(Ia){if(\"relative\"==T(a,\"position\"))return 1;a=T(a,\"filter\");return(a=a.match(/^alpha\\(opacity=(\\d*)\\)/)||a.match(/^progid:DXImageTransform.Microsoft.Alpha\\(Opacity=(\\d*)\\)/))?Number(a[1])/100:1}return Sa(a)}function Sa(a){var b=1,c=T(a,\"opacity\");c&&(b=Number(c));(a=S(a))&&(b*=Sa(a));return b};function Ta(a,b){function c(e){if(P(e)&&\"none\"==T(e,\"display\"))return!1;var d;if((d=e.parentNode)&&d.shadowRoot&&void 0!==e.assignedSlot)d=e.assignedSlot?e.assignedSlot.parentNode:null;else if(e.getDestinationInsertionPoints){var f=e.getDestinationInsertionPoints();0\u003Cf.length&&(d=f[f.length-1])}if(La&&d instanceof ShadowRoot){if(d.host.shadowRoot&&d.host.shadowRoot!==d)return!1;d=d.host}return!d||9!=d.nodeType&&11!=d.nodeType?d&&P(d,\"DETAILS\")&&!d.open&&!P(e,\"SUMMARY\")?!1:!!d&&c(d):!0}return U(a,\n!!b,c)}var X=[\"_\"],Y=g;X[0]in Y||\"undefined\"==typeof Y.execScript||Y.execScript(\"var \"+X[0]);for(var Z;X.length&&(Z=X.shift());)X.length||void 0===Ta?Y[Z]&&Y[Z]!==Object.prototype[Z]?Y=Y[Z]:Y=Y[Z]={}:Y[Z]=Ta;; return this._.apply(null,arguments);}).apply({navigator:typeof window!='undefined'?window.navigator:null,document:typeof window!='undefined'?window.document:null}, arguments);}\n).apply(null, arguments);"
}
[1731868517.382][INFO]: Waiting for pending navigations...
[1731868517.402][INFO]: Done waiting for pending navigations. Status: ok
[1731868517.476][INFO]: Waiting for pending navigations...
[1731868517.502][INFO]: Done waiting for pending navigations. Status: ok
[1731868517.502][INFO]: [4361b112340dbee3d7d40d771a551f7b] RESPONSE ExecuteScript true
[1731868517.508][INFO]: [4361b112340dbee3d7d40d771a551f7b] COMMAND IsElementEnabled {
   "id": "f.360B2B3062DB0D08F76F0AE99E91E1C3.d.93DC1EFC691275C77395FEF1ACA8DDFD.e.103"
}
[1731868517.508][INFO]: Waiting for pending navigations...
[1731868517.688][INFO]: Done waiting for pending navigations. Status: ok
[1731868517.707][INFO]: Waiting for pending navigations...
[1731868517.710][INFO]: Done waiting for pending navigations. Status: ok
[1731868517.710][INFO]: [4361b112340dbee3d7d40d771a551f7b] RESPONSE IsElementEnabled true
[1731868517.714][INFO]: [4361b112340dbee3d7d40d771a551f7b] COMMAND ClickElement {
   "id": "f.360B2B3062DB0D08F76F0AE99E91E1C3.d.93DC1EFC691275C77395FEF1ACA8DDFD.e.103"
}
[1731868517.714][INFO]: Waiting for pending navigations...
[1731868517.722][INFO]: Done waiting for pending navigations. Status: ok
[1731868517.817][INFO]: Waiting for pending navigations...
[1731868517.836][INFO]: Done waiting for pending navigations. Status: ok
[1731868517.836][INFO]: [4361b112340dbee3d7d40d771a551f7b] RESPONSE ClickElement
[1731868517.843][INFO]: [4361b112340dbee3d7d40d771a551f7b] COMMAND FindElement {
   "using": "xpath",
   "value": "//a[@href='/accounts/login/?next=%2Fproblems%2Ftwo-sum%2Fsubmissions%2F']"
}
[1731868517.843][INFO]: Waiting for pending navigations...
[1731868517.849][INFO]: Done waiting for pending navigations. Status: ok
[1731868517.860][INFO]: Waiting for pending navigations...
[1731868517.860][INFO]: Done waiting for pending navigations. Status: ok
[1731868517.860][INFO]: [4361b112340dbee3d7d40d771a551f7b] RESPONSE FindElement {
   "element-6066-11e4-a52e-4f735466cecf": "f.360B2B3062DB0D08F76F0AE99E91E1C3.d.93DC1EFC691275C77395FEF1ACA8DDFD.e.105"
}
[1731868517.865][INFO]: [4361b112340dbee3d7d40d771a551f7b] COMMAND ExecuteScript {
   "args": [ {
      "element-6066-11e4-a52e-4f735466cecf": "f.360B2B3062DB0D08F76F0AE99E91E1C3.d.93DC1EFC691275C77395FEF1ACA8DDFD.e.105"
   } ],
   "script": "/* isDisplayed */return (function(){return (function(){var g=this||self;\nfunction aa(a){var b=typeof a;if(\"object\"==b)if(a){if(a instanceof Array)return\"array\";if(a instanceof Object)return b;var c=Object.prototype.toString.call(a);if(\"[object Window]\"==c)return\"object\";if(\"[object Array]\"==c||\"number\"==typeof a.length&&\"undefined\"!=typeof a.splice&&\"undefined\"!=typeof a.propertyIsEnumerable&&!a.propertyIsEnumerable(\"splice\"))return\"array\";if(\"[object Function]\"==c||\"undefined\"!=typeof a.call&&\"undefined\"!=typeof a.propertyIsEnumerable&&!a.propertyIsEnumerable(\"call\"))return\"function\"}else return\"null\";else if(\"function\"==\nb&&\"undefined\"==typeof a.call)return\"object\";return b}function ca(a,b){function c(){}c.prototype=b.prototype;a.prototype=new c;a.prototype.constructor=a};var da=Array.prototype.indexOf?function(a,b){return Array.prototype.indexOf.call(a,b,void 0)}:function(a,b){if(\"string\"===typeof a)return\"string\"!==typeof b||1!=b.length?-1:a.indexOf(b,0);for(var c=0;c\u003Ca.length;c++)if(c in a&&a[c]===b)return c;return-1},ea=Array.prototype.some?function(a,b){return Array.prototype.some.call(a,b,void 0)}:function(a,b){for(var c=a.length,e=\"string\"===typeof a?a.split(\"\"):a,d=0;d\u003Cc;d++)if(d in e&&b.call(void 0,e[d],d,a))return!0;return!1},fa=Array.prototype.every?function(a,\nb){return Array.prototype.every.call(a,b,void 0)}:function(a,b){for(var c=a.length,e=\"string\"===typeof a?a.split(\"\"):a,d=0;d\u003Cc;d++)if(d in e&&!b.call(void 0,e[d],d,a))return!1;return!0};var ha={aliceblue:\"#f0f8ff\",antiquewhite:\"#faebd7\",aqua:\"#00ffff\",aquamarine:\"#7fffd4\",azure:\"#f0ffff\",beige:\"#f5f5dc\",bisque:\"#ffe4c4\",black:\"#000000\",blanchedalmond:\"#ffebcd\",blue:\"#0000ff\",blueviolet:\"#8a2be2\",brown:\"#a52a2a\",burlywood:\"#deb887\",cadetblue:\"#5f9ea0\",chartreuse:\"#7fff00\",chocolate:\"#d2691e\",coral:\"#ff7f50\",cornflowerblue:\"#6495ed\",cornsilk:\"#fff8dc\",crimson:\"#dc143c\",cyan:\"#00ffff\",darkblue:\"#00008b\",darkcyan:\"#008b8b\",darkgoldenrod:\"#b8860b\",darkgray:\"#a9a9a9\",darkgreen:\"#006400\",\ndarkgrey:\"#a9a9a9\",darkkhaki:\"#bdb76b\",darkmagenta:\"#8b008b\",darkolivegreen:\"#556b2f\",darkorange:\"#ff8c00\",darkorchid:\"#9932cc\",darkred:\"#8b0000\",darksalmon:\"#e9967a\",darkseagreen:\"#8fbc8f\",darkslateblue:\"#483d8b\",darkslategray:\"#2f4f4f\",darkslategrey:\"#2f4f4f\",darkturquoise:\"#00ced1\",darkviolet:\"#9400d3\",deeppink:\"#ff1493\",deepskyblue:\"#00bfff\",dimgray:\"#696969\",dimgrey:\"#696969\",dodgerblue:\"#1e90ff\",firebrick:\"#b22222\",floralwhite:\"#fffaf0\",forestgreen:\"#228b22\",fuchsia:\"#ff00ff\",gainsboro:\"#dcdcdc\",\nghostwhite:\"#f8f8ff\",gold:\"#ffd700\",goldenrod:\"#daa520\",gray:\"#808080\",green:\"#008000\",greenyellow:\"#adff2f\",grey:\"#808080\",honeydew:\"#f0fff0\",hotpink:\"#ff69b4\",indianred:\"#cd5c5c\",indigo:\"#4b0082\",ivory:\"#fffff0\",khaki:\"#f0e68c\",lavender:\"#e6e6fa\",lavenderblush:\"#fff0f5\",lawngreen:\"#7cfc00\",lemonchiffon:\"#fffacd\",lightblue:\"#add8e6\",lightcoral:\"#f08080\",lightcyan:\"#e0ffff\",lightgoldenrodyellow:\"#fafad2\",lightgray:\"#d3d3d3\",lightgreen:\"#90ee90\",lightgrey:\"#d3d3d3\",lightpink:\"#ffb6c1\",lightsalmon:\"#ffa07a\",\nlightseagreen:\"#20b2aa\",lightskyblue:\"#87cefa\",lightslategray:\"#778899\",lightslategrey:\"#778899\",lightsteelblue:\"#b0c4de\",lightyellow:\"#ffffe0\",lime:\"#00ff00\",limegreen:\"#32cd32\",linen:\"#faf0e6\",magenta:\"#ff00ff\",maroon:\"#800000\",mediumaquamarine:\"#66cdaa\",mediumblue:\"#0000cd\",mediumorchid:\"#ba55d3\",mediumpurple:\"#9370db\",mediumseagreen:\"#3cb371\",mediumslateblue:\"#7b68ee\",mediumspringgreen:\"#00fa9a\",mediumturquoise:\"#48d1cc\",mediumvioletred:\"#c71585\",midnightblue:\"#191970\",mintcream:\"#f5fffa\",mistyrose:\"#ffe4e1\",\nmoccasin:\"#ffe4b5\",navajowhite:\"#ffdead\",navy:\"#000080\",oldlace:\"#fdf5e6\",olive:\"#808000\",olivedrab:\"#6b8e23\",orange:\"#ffa500\",orangered:\"#ff4500\",orchid:\"#da70d6\",palegoldenrod:\"#eee8aa\",palegreen:\"#98fb98\",paleturquoise:\"#afeeee\",palevioletred:\"#db7093\",papayawhip:\"#ffefd5\",peachpuff:\"#ffdab9\",peru:\"#cd853f\",pink:\"#ffc0cb\",plum:\"#dda0dd\",powderblue:\"#b0e0e6\",purple:\"#800080\",red:\"#ff0000\",rosybrown:\"#bc8f8f\",royalblue:\"#4169e1\",saddlebrown:\"#8b4513\",salmon:\"#fa8072\",sandybrown:\"#f4a460\",seagreen:\"#2e8b57\",\nseashell:\"#fff5ee\",sienna:\"#a0522d\",silver:\"#c0c0c0\",skyblue:\"#87ceeb\",slateblue:\"#6a5acd\",slategray:\"#708090\",slategrey:\"#708090\",snow:\"#fffafa\",springgreen:\"#00ff7f\",steelblue:\"#4682b4\",tan:\"#d2b48c\",teal:\"#008080\",thistle:\"#d8bfd8\",tomato:\"#ff6347\",turquoise:\"#40e0d0\",violet:\"#ee82ee\",wheat:\"#f5deb3\",white:\"#ffffff\",whitesmoke:\"#f5f5f5\",yellow:\"#ffff00\",yellowgreen:\"#9acd32\"};var ia=\"backgroundColor borderTopColor borderRightColor borderBottomColor borderLeftColor color outlineColor\".split(\" \"),ja=/#([0-9a-fA-F])([0-9a-fA-F])([0-9a-fA-F])/,ka=/^#(?:[0-9a-f]{3}){1,2}$/i,la=/^(?:rgba)?\\((\\d{1,3}),\\s?(\\d{1,3}),\\s?(\\d{1,3}),\\s?(0|1|0\\.\\d*)\\)$/i,ma=/^(?:rgb)?\\((0|[1-9]\\d{0,2}),\\s?(0|[1-9]\\d{0,2}),\\s?(0|[1-9]\\d{0,2})\\)$/i;function m(a,b){this.code=a;this.a=p[a]||r;this.message=b||\"\";a=this.a.replace(/((?:^|\\s+)[a-z])/g,function(c){return c.toUpperCase().replace(/^[\\s\\xa0]+/g,\"\")});b=a.length-5;if(0>b||a.indexOf(\"Error\",b)!=b)a+=\"Error\";this.name=a;a=Error(this.message);a.name=this.name;this.stack=a.stack||\"\"}ca(m,Error);var r=\"unknown error\",p={15:\"element not selectable\",11:\"element not visible\"};p[31]=r;p[30]=r;p[24]=\"invalid cookie domain\";p[29]=\"invalid element coordinates\";p[12]=\"invalid element state\";\np[32]=\"invalid selector\";p[51]=\"invalid selector\";p[52]=\"invalid selector\";p[17]=\"javascript error\";p[405]=\"unsupported operation\";p[34]=\"move target out of bounds\";p[27]=\"no such alert\";p[7]=\"no such element\";p[8]=\"no such frame\";p[23]=\"no such window\";p[28]=\"script timeout\";p[33]=\"session not created\";p[10]=\"stale element reference\";p[21]=\"timeout\";p[25]=\"unable to set cookie\";p[26]=\"unexpected alert open\";p[13]=r;p[9]=\"unknown command\";var u=String.prototype.trim?function(a){return a.trim()}:function(a){return/^[\\s\\xa0]*([\\s\\S]*?)[\\s\\xa0]*$/.exec(a)[1]};\nfunction na(a,b){var c=0;a=u(String(a)).split(\".\");b=u(String(b)).split(\".\");for(var e=Math.max(a.length,b.length),d=0;0==c&&d\u003Ce;d++){var f=a[d]||\"\",h=b[d]||\"\";do{f=/(\\d*)(\\D*)(.*)/.exec(f)||[\"\",\"\",\"\",\"\"];h=/(\\d*)(\\D*)(.*)/.exec(h)||[\"\",\"\",\"\",\"\"];if(0==f[0].length&&0==h[0].length)break;c=v(0==f[1].length?0:parseInt(f[1],10),0==h[1].length?0:parseInt(h[1],10))||v(0==f[2].length,0==h[2].length)||v(f[2],h[2]);f=f[3];h=h[3]}while(0==c)}return c}function v(a,b){return a\u003Cb?-1:a>b?1:0};var w;a:{var oa=g.navigator;if(oa){var sa=oa.userAgent;if(sa){w=sa;break a}}w=\"\"}function x(a){return-1!=w.indexOf(a)};function y(){return x(\"Firefox\")||x(\"FxiOS\")}function A(){return(x(\"Chrome\")||x(\"CriOS\"))&&!x(\"Edge\")};function ta(a){return String(a).replace(/\\-([a-z])/g,function(b,c){return c.toUpperCase()})};function B(){return x(\"iPhone\")&&!x(\"iPod\")&&!x(\"iPad\")};function ua(a,b){var c=va;return Object.prototype.hasOwnProperty.call(c,a)?c[a]:c[a]=b(a)};var wa=x(\"Opera\"),C=x(\"Trident\")||x(\"MSIE\"),xa=x(\"Edge\"),ya=x(\"Gecko\")&&!(-1!=w.toLowerCase().indexOf(\"webkit\")&&!x(\"Edge\"))&&!(x(\"Trident\")||x(\"MSIE\"))&&!x(\"Edge\"),za=-1!=w.toLowerCase().indexOf(\"webkit\")&&!x(\"Edge\");function Aa(){var a=g.document;return a?a.documentMode:void 0}var E;\na:{var F=\"\",G=function(){var a=w;if(ya)return/rv:([^\\);]+)(\\)|;)/.exec(a);if(xa)return/Edge\\/([\\d\\.]+)/.exec(a);if(C)return/\\b(?:MSIE|rv)[: ]([^\\);]+)(\\)|;)/.exec(a);if(za)return/WebKit\\/(\\S+)/.exec(a);if(wa)return/(?:Version)[ \\/]?(\\S+)/.exec(a)}();G&&(F=G?G[1]:\"\");if(C){var H=Aa();if(null!=H&&H>parseFloat(F)){E=String(H);break a}}E=F}var va={};function Ba(a){return ua(a,function(){return 0\u003C=na(E,a)})}var I;I=g.document&&C?Aa():void 0;var Ca=y(),Da=B()||x(\"iPod\"),Ea=x(\"iPad\"),Fa=x(\"Android\")&&!(A()||y()||x(\"Opera\")||x(\"Silk\")),Ga=A(),Ha=x(\"Safari\")&&!(A()||x(\"Coast\")||x(\"Opera\")||x(\"Edge\")||x(\"Edg/\")||x(\"OPR\")||y()||x(\"Silk\")||x(\"Android\"))&&!(B()||x(\"iPad\")||x(\"iPod\"));function J(a){return(a=a.exec(w))?a[1]:\"\"}(function(){if(Ca)return J(/Firefox\\/([0-9.]+)/);if(C||xa||wa)return E;if(Ga)return B()||x(\"iPad\")||x(\"iPod\")?J(/CriOS\\/([0-9.]+)/):J(/Chrome\\/([0-9.]+)/);if(Ha&&!(B()||x(\"iPad\")||x(\"iPod\")))return J(/Version\\/([0-9.]+)/);if(Da||Ea){var a=/Version\\/(\\S+).*Mobile\\/(\\S+)/.exec(w);if(a)return a[1]+\".\"+a[2]}else if(Fa)return(a=J(/Android\\s+([0-9.]+)/))?a:J(/Version\\/([0-9.]+)/);return\"\"})();var K;if(K=C)K=!(9\u003C=Number(I));var Ia=K;function L(a,b){this.x=void 0!==a?a:0;this.y=void 0!==b?b:0}L.prototype.ceil=function(){this.x=Math.ceil(this.x);this.y=Math.ceil(this.y);return this};L.prototype.floor=function(){this.x=Math.floor(this.x);this.y=Math.floor(this.y);return this};L.prototype.round=function(){this.x=Math.round(this.x);this.y=Math.round(this.y);return this};function M(a,b){this.width=a;this.height=b}M.prototype.aspectRatio=function(){return this.width/this.height};M.prototype.ceil=function(){this.width=Math.ceil(this.width);this.height=Math.ceil(this.height);return this};M.prototype.floor=function(){this.width=Math.floor(this.width);this.height=Math.floor(this.height);return this};M.prototype.round=function(){this.width=Math.round(this.width);this.height=Math.round(this.height);return this};function N(a){return 9==a.nodeType?a:a.ownerDocument||a.document}function Ja(a,b){a&&(a=a.parentNode);for(var c=0;a;){if(b(a))return a;a=a.parentNode;c++}return null}function Ka(a){this.a=a||g.document||document};function P(a,b){b&&\"string\"!==typeof b&&(b=b.toString());return!!a&&1==a.nodeType&&(!b||a.tagName.toUpperCase()==b)};function Q(a,b,c,e){this.f=a;this.a=b;this.b=c;this.c=e}Q.prototype.ceil=function(){this.f=Math.ceil(this.f);this.a=Math.ceil(this.a);this.b=Math.ceil(this.b);this.c=Math.ceil(this.c);return this};Q.prototype.floor=function(){this.f=Math.floor(this.f);this.a=Math.floor(this.a);this.b=Math.floor(this.b);this.c=Math.floor(this.c);return this};Q.prototype.round=function(){this.f=Math.round(this.f);this.a=Math.round(this.a);this.b=Math.round(this.b);this.c=Math.round(this.c);return this};function R(a,b,c,e){this.a=a;this.b=b;this.width=c;this.height=e}R.prototype.ceil=function(){this.a=Math.ceil(this.a);this.b=Math.ceil(this.b);this.width=Math.ceil(this.width);this.height=Math.ceil(this.height);return this};R.prototype.floor=function(){this.a=Math.floor(this.a);this.b=Math.floor(this.b);this.width=Math.floor(this.width);this.height=Math.floor(this.height);return this};\nR.prototype.round=function(){this.a=Math.round(this.a);this.b=Math.round(this.b);this.width=Math.round(this.width);this.height=Math.round(this.height);return this};var La=\"function\"===typeof ShadowRoot;function S(a){for(a=a.parentNode;a&&1!=a.nodeType&&9!=a.nodeType&&11!=a.nodeType;)a=a.parentNode;return P(a)?a:null}\nfunction T(a,b){b=ta(b);if(\"float\"==b||\"cssFloat\"==b||\"styleFloat\"==b)b=Ia?\"styleFloat\":\"cssFloat\";a:{var c=b;var e=N(a);if(e.defaultView&&e.defaultView.getComputedStyle&&(e=e.defaultView.getComputedStyle(a,null))){c=e[c]||e.getPropertyValue(c)||\"\";break a}c=\"\"}a=c||Ma(a,b);if(null===a)a=null;else if(0\u003C=da(ia,b)){b:{var d=a.match(la);if(d&&(b=Number(d[1]),c=Number(d[2]),e=Number(d[3]),d=Number(d[4]),0\u003C=b&&255>=b&&0\u003C=c&&255>=c&&0\u003C=e&&255>=e&&0\u003C=d&&1>=d)){b=[b,c,e,d];break b}b=null}if(!b)b:{if(e=a.match(ma))if(b=\nNumber(e[1]),c=Number(e[2]),e=Number(e[3]),0\u003C=b&&255>=b&&0\u003C=c&&255>=c&&0\u003C=e&&255>=e){b=[b,c,e,1];break b}b=null}if(!b)b:{b=a.toLowerCase();c=ha[b.toLowerCase()];if(!c&&(c=\"#\"==b.charAt(0)?b:\"#\"+b,4==c.length&&(c=c.replace(ja,\"#$1$1$2$2$3$3\")),!ka.test(c))){b=null;break b}b=[parseInt(c.substr(1,2),16),parseInt(c.substr(3,2),16),parseInt(c.substr(5,2),16),1]}a=b?\"rgba(\"+b.join(\", \")+\")\":a}return a}\nfunction Ma(a,b){var c=a.currentStyle||a.style,e=c[b];void 0===e&&\"function\"==aa(c.getPropertyValue)&&(e=c.getPropertyValue(b));return\"inherit\"!=e?void 0!==e?e:null:(a=S(a))?Ma(a,b):null}\nfunction U(a,b,c){function e(h){var n=V(h);return 0\u003Cn.height&&0\u003Cn.width?!0:P(h,\"PATH\")&&(0\u003Cn.height||0\u003Cn.width)?(h=T(h,\"stroke-width\"),!!h&&0\u003CparseInt(h,10)):\"hidden\"!=T(h,\"overflow\")&&ea(h.childNodes,function(D){return 3==D.nodeType||P(D)&&e(D)})}function d(h){return Na(h)==W&&fa(h.childNodes,function(n){return!P(n)||d(n)||!e(n)})}if(!P(a))throw Error(\"Argument to isShown must be of type Element\");if(P(a,\"BODY\"))return!0;if(P(a,\"OPTION\")||P(a,\"OPTGROUP\"))return a=Ja(a,function(h){return P(h,\"SELECT\")}),\n!!a&&U(a,!0,c);var f=Oa(a);if(f)return!!f.image&&0\u003Cf.rect.width&&0\u003Cf.rect.height&&U(f.image,b,c);if(P(a,\"INPUT\")&&\"hidden\"==a.type.toLowerCase()||P(a,\"NOSCRIPT\"))return!1;f=T(a,\"visibility\");return\"collapse\"!=f&&\"hidden\"!=f&&c(a)&&(b||0!=Pa(a))&&e(a)?!d(a):!1}var W=\"hidden\";\nfunction Na(a){function b(k){function l(ba){if(ba==h)return!0;var pa=T(ba,\"display\");return 0==pa.lastIndexOf(\"inline\",0)||\"contents\"==pa||\"absolute\"==qa&&\"static\"==T(ba,\"position\")?!1:!0}var qa=T(k,\"position\");if(\"fixed\"==qa)return ra=!0,k==h?null:h;for(k=S(k);k&&!l(k);)k=S(k);return k}function c(k){var l=k;if(\"visible\"==D)if(k==h&&n)l=n;else if(k==n)return{x:\"visible\",y:\"visible\"};l={x:T(l,\"overflow-x\"),y:T(l,\"overflow-y\")};k==h&&(l.x=\"visible\"==l.x?\"auto\":l.x,l.y=\"visible\"==l.y?\"auto\":l.y);return l}\nfunction e(k){if(k==h){var l=(new Ka(f)).a;k=l.scrollingElement?l.scrollingElement:za||\"CSS1Compat\"!=l.compatMode?l.body||l.documentElement:l.documentElement;l=l.parentWindow||l.defaultView;k=C&&Ba(\"10\")&&l.pageYOffset!=k.scrollTop?new L(k.scrollLeft,k.scrollTop):new L(l.pageXOffset||k.scrollLeft,l.pageYOffset||k.scrollTop)}else k=new L(k.scrollLeft,k.scrollTop);return k}var d=Qa(a),f=N(a),h=f.documentElement,n=f.body,D=T(h,\"overflow\"),ra;for(a=b(a);a;a=b(a)){var q=c(a);if(\"visible\"!=q.x||\"visible\"!=\nq.y){var t=V(a);if(0==t.width||0==t.height)return W;var z=d.a\u003Ct.a,O=d.b\u003Ct.b;if(z&&\"hidden\"==q.x||O&&\"hidden\"==q.y)return W;if(z&&\"visible\"!=q.x||O&&\"visible\"!=q.y){z=e(a);O=d.b\u003Ct.b-z.y;if(d.a\u003Ct.a-z.x&&\"visible\"!=q.x||O&&\"visible\"!=q.x)return W;d=Na(a);return d==W?W:\"scroll\"}z=d.c>=t.a+t.width;t=d.f>=t.b+t.height;if(z&&\"hidden\"==q.x||t&&\"hidden\"==q.y)return W;if(z&&\"visible\"!=q.x||t&&\"visible\"!=q.y){if(ra&&(q=e(a),d.c>=h.scrollWidth-q.x||d.a>=h.scrollHeight-q.y))return W;d=Na(a);return d==W?W:\"scroll\"}}}return\"none\"}\nfunction V(a){var b=Oa(a);if(b)return b.rect;if(P(a,\"HTML\"))return a=N(a),a=((a?a.parentWindow||a.defaultView:window)||window).document,a=\"CSS1Compat\"==a.compatMode?a.documentElement:a.body,a=new M(a.clientWidth,a.clientHeight),new R(0,0,a.width,a.height);try{var c=a.getBoundingClientRect()}catch(e){return new R(0,0,0,0)}b=new R(c.left,c.top,c.right-c.left,c.bottom-c.top);C&&a.ownerDocument.body&&(a=N(a),b.a-=a.documentElement.clientLeft+a.body.clientLeft,b.b-=a.documentElement.clientTop+a.body.clientTop);\nreturn b}\nfunction Oa(a){var b=P(a,\"MAP\");if(!b&&!P(a,\"AREA\"))return null;var c=b?a:P(a.parentNode,\"MAP\")?a.parentNode:null,e=null,d=null;if(c&&c.name){e='*[usemap=\"#'+c.name+'\"]';c=N(c);var f;if(f=\"function\"!=aa(c.querySelector)&&C&&(C?0\u003C=na(I,8):Ba(8))){f=c.querySelector;var h=typeof f;f=!(\"object\"==h&&null!=f||\"function\"==h)}if(f)throw Error(\"CSS selection is not supported\");if(!e)throw new m(32,\"No selector specified\");e=u(e);try{var n=c.querySelector(e)}catch(D){throw new m(32,\"An invalid or illegal selector was specified\");}if(e=\nn&&1==n.nodeType?n:null)d=V(e),b||\"default\"==a.shape.toLowerCase()||(a=Ra(a),b=Math.min(Math.max(a.a,0),d.width),n=Math.min(Math.max(a.b,0),d.height),d=new R(b+d.a,n+d.b,Math.min(a.width,d.width-b),Math.min(a.height,d.height-n)))}return{image:e,rect:d||new R(0,0,0,0)}}\nfunction Ra(a){var b=a.shape.toLowerCase();a=a.coords.split(\",\");if(\"rect\"==b&&4==a.length){b=a[0];var c=a[1];return new R(b,c,a[2]-b,a[3]-c)}if(\"circle\"==b&&3==a.length)return b=a[2],new R(a[0]-b,a[1]-b,2*b,2*b);if(\"poly\"==b&&2\u003Ca.length){b=a[0];c=a[1];for(var e=b,d=c,f=2;f+1\u003Ca.length;f+=2)b=Math.min(b,a[f]),e=Math.max(e,a[f]),c=Math.min(c,a[f+1]),d=Math.max(d,a[f+1]);return new R(b,c,e-b,d-c)}return new R(0,0,0,0)}function Qa(a){a=V(a);return new Q(a.b,a.a+a.width,a.b+a.height,a.a)}\nfunction Pa(a){if(Ia){if(\"relative\"==T(a,\"position\"))return 1;a=T(a,\"filter\");return(a=a.match(/^alpha\\(opacity=(\\d*)\\)/)||a.match(/^progid:DXImageTransform.Microsoft.Alpha\\(Opacity=(\\d*)\\)/))?Number(a[1])/100:1}return Sa(a)}function Sa(a){var b=1,c=T(a,\"opacity\");c&&(b=Number(c));(a=S(a))&&(b*=Sa(a));return b};function Ta(a,b){function c(e){if(P(e)&&\"none\"==T(e,\"display\"))return!1;var d;if((d=e.parentNode)&&d.shadowRoot&&void 0!==e.assignedSlot)d=e.assignedSlot?e.assignedSlot.parentNode:null;else if(e.getDestinationInsertionPoints){var f=e.getDestinationInsertionPoints();0\u003Cf.length&&(d=f[f.length-1])}if(La&&d instanceof ShadowRoot){if(d.host.shadowRoot&&d.host.shadowRoot!==d)return!1;d=d.host}return!d||9!=d.nodeType&&11!=d.nodeType?d&&P(d,\"DETAILS\")&&!d.open&&!P(e,\"SUMMARY\")?!1:!!d&&c(d):!0}return U(a,\n!!b,c)}var X=[\"_\"],Y=g;X[0]in Y||\"undefined\"==typeof Y.execScript||Y.execScript(\"var \"+X[0]);for(var Z;X.length&&(Z=X.shift());)X.length||void 0===Ta?Y[Z]&&Y[Z]!==Object.prototype[Z]?Y=Y[Z]:Y=Y[Z]={}:Y[Z]=Ta;; return this._.apply(null,arguments);}).apply({navigator:typeof window!='undefined'?window.navigator:null,document:typeof window!='undefined'?window.document:null}, arguments);}\n).apply(null, arguments);"
}
[1731868517.865][INFO]: Waiting for pending navigations...
[1731868517.866][INFO]: Done waiting for pending navigations. Status: ok
[1731868517.870][INFO]: Waiting for pending navigations...
[1731868517.871][INFO]: Done waiting for pending navigations. Status: ok
[1731868517.871][INFO]: [4361b112340dbee3d7d40d771a551f7b] RESPONSE ExecuteScript true
[1731868517.876][INFO]: [4361b112340dbee3d7d40d771a551f7b] COMMAND ExecuteScript {
   "args": [ {
      "element-6066-11e4-a52e-4f735466cecf": "f.360B2B3062DB0D08F76F0AE99E91E1C3.d.93DC1EFC691275C77395FEF1ACA8DDFD.e.105"
   } ],
   "script": "/* isDisplayed */return (function(){return (function(){var g=this||self;\nfunction aa(a){var b=typeof a;if(\"object\"==b)if(a){if(a instanceof Array)return\"array\";if(a instanceof Object)return b;var c=Object.prototype.toString.call(a);if(\"[object Window]\"==c)return\"object\";if(\"[object Array]\"==c||\"number\"==typeof a.length&&\"undefined\"!=typeof a.splice&&\"undefined\"!=typeof a.propertyIsEnumerable&&!a.propertyIsEnumerable(\"splice\"))return\"array\";if(\"[object Function]\"==c||\"undefined\"!=typeof a.call&&\"undefined\"!=typeof a.propertyIsEnumerable&&!a.propertyIsEnumerable(\"call\"))return\"function\"}else return\"null\";else if(\"function\"==\nb&&\"undefined\"==typeof a.call)return\"object\";return b}function ca(a,b){function c(){}c.prototype=b.prototype;a.prototype=new c;a.prototype.constructor=a};var da=Array.prototype.indexOf?function(a,b){return Array.prototype.indexOf.call(a,b,void 0)}:function(a,b){if(\"string\"===typeof a)return\"string\"!==typeof b||1!=b.length?-1:a.indexOf(b,0);for(var c=0;c\u003Ca.length;c++)if(c in a&&a[c]===b)return c;return-1},ea=Array.prototype.some?function(a,b){return Array.prototype.some.call(a,b,void 0)}:function(a,b){for(var c=a.length,e=\"string\"===typeof a?a.split(\"\"):a,d=0;d\u003Cc;d++)if(d in e&&b.call(void 0,e[d],d,a))return!0;return!1},fa=Array.prototype.every?function(a,\nb){return Array.prototype.every.call(a,b,void 0)}:function(a,b){for(var c=a.length,e=\"string\"===typeof a?a.split(\"\"):a,d=0;d\u003Cc;d++)if(d in e&&!b.call(void 0,e[d],d,a))return!1;return!0};var ha={aliceblue:\"#f0f8ff\",antiquewhite:\"#faebd7\",aqua:\"#00ffff\",aquamarine:\"#7fffd4\",azure:\"#f0ffff\",beige:\"#f5f5dc\",bisque:\"#ffe4c4\",black:\"#000000\",blanchedalmond:\"#ffebcd\",blue:\"#0000ff\",blueviolet:\"#8a2be2\",brown:\"#a52a2a\",burlywood:\"#deb887\",cadetblue:\"#5f9ea0\",chartreuse:\"#7fff00\",chocolate:\"#d2691e\",coral:\"#ff7f50\",cornflowerblue:\"#6495ed\",cornsilk:\"#fff8dc\",crimson:\"#dc143c\",cyan:\"#00ffff\",darkblue:\"#00008b\",darkcyan:\"#008b8b\",darkgoldenrod:\"#b8860b\",darkgray:\"#a9a9a9\",darkgreen:\"#006400\",\ndarkgrey:\"#a9a9a9\",darkkhaki:\"#bdb76b\",darkmagenta:\"#8b008b\",darkolivegreen:\"#556b2f\",darkorange:\"#ff8c00\",darkorchid:\"#9932cc\",darkred:\"#8b0000\",darksalmon:\"#e9967a\",darkseagreen:\"#8fbc8f\",darkslateblue:\"#483d8b\",darkslategray:\"#2f4f4f\",darkslategrey:\"#2f4f4f\",darkturquoise:\"#00ced1\",darkviolet:\"#9400d3\",deeppink:\"#ff1493\",deepskyblue:\"#00bfff\",dimgray:\"#696969\",dimgrey:\"#696969\",dodgerblue:\"#1e90ff\",firebrick:\"#b22222\",floralwhite:\"#fffaf0\",forestgreen:\"#228b22\",fuchsia:\"#ff00ff\",gainsboro:\"#dcdcdc\",\nghostwhite:\"#f8f8ff\",gold:\"#ffd700\",goldenrod:\"#daa520\",gray:\"#808080\",green:\"#008000\",greenyellow:\"#adff2f\",grey:\"#808080\",honeydew:\"#f0fff0\",hotpink:\"#ff69b4\",indianred:\"#cd5c5c\",indigo:\"#4b0082\",ivory:\"#fffff0\",khaki:\"#f0e68c\",lavender:\"#e6e6fa\",lavenderblush:\"#fff0f5\",lawngreen:\"#7cfc00\",lemonchiffon:\"#fffacd\",lightblue:\"#add8e6\",lightcoral:\"#f08080\",lightcyan:\"#e0ffff\",lightgoldenrodyellow:\"#fafad2\",lightgray:\"#d3d3d3\",lightgreen:\"#90ee90\",lightgrey:\"#d3d3d3\",lightpink:\"#ffb6c1\",lightsalmon:\"#ffa07a\",\nlightseagreen:\"#20b2aa\",lightskyblue:\"#87cefa\",lightslategray:\"#778899\",lightslategrey:\"#778899\",lightsteelblue:\"#b0c4de\",lightyellow:\"#ffffe0\",lime:\"#00ff00\",limegreen:\"#32cd32\",linen:\"#faf0e6\",magenta:\"#ff00ff\",maroon:\"#800000\",mediumaquamarine:\"#66cdaa\",mediumblue:\"#0000cd\",mediumorchid:\"#ba55d3\",mediumpurple:\"#9370db\",mediumseagreen:\"#3cb371\",mediumslateblue:\"#7b68ee\",mediumspringgreen:\"#00fa9a\",mediumturquoise:\"#48d1cc\",mediumvioletred:\"#c71585\",midnightblue:\"#191970\",mintcream:\"#f5fffa\",mistyrose:\"#ffe4e1\",\nmoccasin:\"#ffe4b5\",navajowhite:\"#ffdead\",navy:\"#000080\",oldlace:\"#fdf5e6\",olive:\"#808000\",olivedrab:\"#6b8e23\",orange:\"#ffa500\",orangered:\"#ff4500\",orchid:\"#da70d6\",palegoldenrod:\"#eee8aa\",palegreen:\"#98fb98\",paleturquoise:\"#afeeee\",palevioletred:\"#db7093\",papayawhip:\"#ffefd5\",peachpuff:\"#ffdab9\",peru:\"#cd853f\",pink:\"#ffc0cb\",plum:\"#dda0dd\",powderblue:\"#b0e0e6\",purple:\"#800080\",red:\"#ff0000\",rosybrown:\"#bc8f8f\",royalblue:\"#4169e1\",saddlebrown:\"#8b4513\",salmon:\"#fa8072\",sandybrown:\"#f4a460\",seagreen:\"#2e8b57\",\nseashell:\"#fff5ee\",sienna:\"#a0522d\",silver:\"#c0c0c0\",skyblue:\"#87ceeb\",slateblue:\"#6a5acd\",slategray:\"#708090\",slategrey:\"#708090\",snow:\"#fffafa\",springgreen:\"#00ff7f\",steelblue:\"#4682b4\",tan:\"#d2b48c\",teal:\"#008080\",thistle:\"#d8bfd8\",tomato:\"#ff6347\",turquoise:\"#40e0d0\",violet:\"#ee82ee\",wheat:\"#f5deb3\",white:\"#ffffff\",whitesmoke:\"#f5f5f5\",yellow:\"#ffff00\",yellowgreen:\"#9acd32\"};var ia=\"backgroundColor borderTopColor borderRightColor borderBottomColor borderLeftColor color outlineColor\".split(\" \"),ja=/#([0-9a-fA-F])([0-9a-fA-F])([0-9a-fA-F])/,ka=/^#(?:[0-9a-f]{3}){1,2}$/i,la=/^(?:rgba)?\\((\\d{1,3}),\\s?(\\d{1,3}),\\s?(\\d{1,3}),\\s?(0|1|0\\.\\d*)\\)$/i,ma=/^(?:rgb)?\\((0|[1-9]\\d{0,2}),\\s?(0|[1-9]\\d{0,2}),\\s?(0|[1-9]\\d{0,2})\\)$/i;function m(a,b){this.code=a;this.a=p[a]||r;this.message=b||\"\";a=this.a.replace(/((?:^|\\s+)[a-z])/g,function(c){return c.toUpperCase().replace(/^[\\s\\xa0]+/g,\"\")});b=a.length-5;if(0>b||a.indexOf(\"Error\",b)!=b)a+=\"Error\";this.name=a;a=Error(this.message);a.name=this.name;this.stack=a.stack||\"\"}ca(m,Error);var r=\"unknown error\",p={15:\"element not selectable\",11:\"element not visible\"};p[31]=r;p[30]=r;p[24]=\"invalid cookie domain\";p[29]=\"invalid element coordinates\";p[12]=\"invalid element state\";\np[32]=\"invalid selector\";p[51]=\"invalid selector\";p[52]=\"invalid selector\";p[17]=\"javascript error\";p[405]=\"unsupported operation\";p[34]=\"move target out of bounds\";p[27]=\"no such alert\";p[7]=\"no such element\";p[8]=\"no such frame\";p[23]=\"no such window\";p[28]=\"script timeout\";p[33]=\"session not created\";p[10]=\"stale element reference\";p[21]=\"timeout\";p[25]=\"unable to set cookie\";p[26]=\"unexpected alert open\";p[13]=r;p[9]=\"unknown command\";var u=String.prototype.trim?function(a){return a.trim()}:function(a){return/^[\\s\\xa0]*([\\s\\S]*?)[\\s\\xa0]*$/.exec(a)[1]};\nfunction na(a,b){var c=0;a=u(String(a)).split(\".\");b=u(String(b)).split(\".\");for(var e=Math.max(a.length,b.length),d=0;0==c&&d\u003Ce;d++){var f=a[d]||\"\",h=b[d]||\"\";do{f=/(\\d*)(\\D*)(.*)/.exec(f)||[\"\",\"\",\"\",\"\"];h=/(\\d*)(\\D*)(.*)/.exec(h)||[\"\",\"\",\"\",\"\"];if(0==f[0].length&&0==h[0].length)break;c=v(0==f[1].length?0:parseInt(f[1],10),0==h[1].length?0:parseInt(h[1],10))||v(0==f[2].length,0==h[2].length)||v(f[2],h[2]);f=f[3];h=h[3]}while(0==c)}return c}function v(a,b){return a\u003Cb?-1:a>b?1:0};var w;a:{var oa=g.navigator;if(oa){var sa=oa.userAgent;if(sa){w=sa;break a}}w=\"\"}function x(a){return-1!=w.indexOf(a)};function y(){return x(\"Firefox\")||x(\"FxiOS\")}function A(){return(x(\"Chrome\")||x(\"CriOS\"))&&!x(\"Edge\")};function ta(a){return String(a).replace(/\\-([a-z])/g,function(b,c){return c.toUpperCase()})};function B(){return x(\"iPhone\")&&!x(\"iPod\")&&!x(\"iPad\")};function ua(a,b){var c=va;return Object.prototype.hasOwnProperty.call(c,a)?c[a]:c[a]=b(a)};var wa=x(\"Opera\"),C=x(\"Trident\")||x(\"MSIE\"),xa=x(\"Edge\"),ya=x(\"Gecko\")&&!(-1!=w.toLowerCase().indexOf(\"webkit\")&&!x(\"Edge\"))&&!(x(\"Trident\")||x(\"MSIE\"))&&!x(\"Edge\"),za=-1!=w.toLowerCase().indexOf(\"webkit\")&&!x(\"Edge\");function Aa(){var a=g.document;return a?a.documentMode:void 0}var E;\na:{var F=\"\",G=function(){var a=w;if(ya)return/rv:([^\\);]+)(\\)|;)/.exec(a);if(xa)return/Edge\\/([\\d\\.]+)/.exec(a);if(C)return/\\b(?:MSIE|rv)[: ]([^\\);]+)(\\)|;)/.exec(a);if(za)return/WebKit\\/(\\S+)/.exec(a);if(wa)return/(?:Version)[ \\/]?(\\S+)/.exec(a)}();G&&(F=G?G[1]:\"\");if(C){var H=Aa();if(null!=H&&H>parseFloat(F)){E=String(H);break a}}E=F}var va={};function Ba(a){return ua(a,function(){return 0\u003C=na(E,a)})}var I;I=g.document&&C?Aa():void 0;var Ca=y(),Da=B()||x(\"iPod\"),Ea=x(\"iPad\"),Fa=x(\"Android\")&&!(A()||y()||x(\"Opera\")||x(\"Silk\")),Ga=A(),Ha=x(\"Safari\")&&!(A()||x(\"Coast\")||x(\"Opera\")||x(\"Edge\")||x(\"Edg/\")||x(\"OPR\")||y()||x(\"Silk\")||x(\"Android\"))&&!(B()||x(\"iPad\")||x(\"iPod\"));function J(a){return(a=a.exec(w))?a[1]:\"\"}(function(){if(Ca)return J(/Firefox\\/([0-9.]+)/);if(C||xa||wa)return E;if(Ga)return B()||x(\"iPad\")||x(\"iPod\")?J(/CriOS\\/([0-9.]+)/):J(/Chrome\\/([0-9.]+)/);if(Ha&&!(B()||x(\"iPad\")||x(\"iPod\")))return J(/Version\\/([0-9.]+)/);if(Da||Ea){var a=/Version\\/(\\S+).*Mobile\\/(\\S+)/.exec(w);if(a)return a[1]+\".\"+a[2]}else if(Fa)return(a=J(/Android\\s+([0-9.]+)/))?a:J(/Version\\/([0-9.]+)/);return\"\"})();var K;if(K=C)K=!(9\u003C=Number(I));var Ia=K;function L(a,b){this.x=void 0!==a?a:0;this.y=void 0!==b?b:0}L.prototype.ceil=function(){this.x=Math.ceil(this.x);this.y=Math.ceil(this.y);return this};L.prototype.floor=function(){this.x=Math.floor(this.x);this.y=Math.floor(this.y);return this};L.prototype.round=function(){this.x=Math.round(this.x);this.y=Math.round(this.y);return this};function M(a,b){this.width=a;this.height=b}M.prototype.aspectRatio=function(){return this.width/this.height};M.prototype.ceil=function(){this.width=Math.ceil(this.width);this.height=Math.ceil(this.height);return this};M.prototype.floor=function(){this.width=Math.floor(this.width);this.height=Math.floor(this.height);return this};M.prototype.round=function(){this.width=Math.round(this.width);this.height=Math.round(this.height);return this};function N(a){return 9==a.nodeType?a:a.ownerDocument||a.document}function Ja(a,b){a&&(a=a.parentNode);for(var c=0;a;){if(b(a))return a;a=a.parentNode;c++}return null}function Ka(a){this.a=a||g.document||document};function P(a,b){b&&\"string\"!==typeof b&&(b=b.toString());return!!a&&1==a.nodeType&&(!b||a.tagName.toUpperCase()==b)};function Q(a,b,c,e){this.f=a;this.a=b;this.b=c;this.c=e}Q.prototype.ceil=function(){this.f=Math.ceil(this.f);this.a=Math.ceil(this.a);this.b=Math.ceil(this.b);this.c=Math.ceil(this.c);return this};Q.prototype.floor=function(){this.f=Math.floor(this.f);this.a=Math.floor(this.a);this.b=Math.floor(this.b);this.c=Math.floor(this.c);return this};Q.prototype.round=function(){this.f=Math.round(this.f);this.a=Math.round(this.a);this.b=Math.round(this.b);this.c=Math.round(this.c);return this};function R(a,b,c,e){this.a=a;this.b=b;this.width=c;this.height=e}R.prototype.ceil=function(){this.a=Math.ceil(this.a);this.b=Math.ceil(this.b);this.width=Math.ceil(this.width);this.height=Math.ceil(this.height);return this};R.prototype.floor=function(){this.a=Math.floor(this.a);this.b=Math.floor(this.b);this.width=Math.floor(this.width);this.height=Math.floor(this.height);return this};\nR.prototype.round=function(){this.a=Math.round(this.a);this.b=Math.round(this.b);this.width=Math.round(this.width);this.height=Math.round(this.height);return this};var La=\"function\"===typeof ShadowRoot;function S(a){for(a=a.parentNode;a&&1!=a.nodeType&&9!=a.nodeType&&11!=a.nodeType;)a=a.parentNode;return P(a)?a:null}\nfunction T(a,b){b=ta(b);if(\"float\"==b||\"cssFloat\"==b||\"styleFloat\"==b)b=Ia?\"styleFloat\":\"cssFloat\";a:{var c=b;var e=N(a);if(e.defaultView&&e.defaultView.getComputedStyle&&(e=e.defaultView.getComputedStyle(a,null))){c=e[c]||e.getPropertyValue(c)||\"\";break a}c=\"\"}a=c||Ma(a,b);if(null===a)a=null;else if(0\u003C=da(ia,b)){b:{var d=a.match(la);if(d&&(b=Number(d[1]),c=Number(d[2]),e=Number(d[3]),d=Number(d[4]),0\u003C=b&&255>=b&&0\u003C=c&&255>=c&&0\u003C=e&&255>=e&&0\u003C=d&&1>=d)){b=[b,c,e,d];break b}b=null}if(!b)b:{if(e=a.match(ma))if(b=\nNumber(e[1]),c=Number(e[2]),e=Number(e[3]),0\u003C=b&&255>=b&&0\u003C=c&&255>=c&&0\u003C=e&&255>=e){b=[b,c,e,1];break b}b=null}if(!b)b:{b=a.toLowerCase();c=ha[b.toLowerCase()];if(!c&&(c=\"#\"==b.charAt(0)?b:\"#\"+b,4==c.length&&(c=c.replace(ja,\"#$1$1$2$2$3$3\")),!ka.test(c))){b=null;break b}b=[parseInt(c.substr(1,2),16),parseInt(c.substr(3,2),16),parseInt(c.substr(5,2),16),1]}a=b?\"rgba(\"+b.join(\", \")+\")\":a}return a}\nfunction Ma(a,b){var c=a.currentStyle||a.style,e=c[b];void 0===e&&\"function\"==aa(c.getPropertyValue)&&(e=c.getPropertyValue(b));return\"inherit\"!=e?void 0!==e?e:null:(a=S(a))?Ma(a,b):null}\nfunction U(a,b,c){function e(h){var n=V(h);return 0\u003Cn.height&&0\u003Cn.width?!0:P(h,\"PATH\")&&(0\u003Cn.height||0\u003Cn.width)?(h=T(h,\"stroke-width\"),!!h&&0\u003CparseInt(h,10)):\"hidden\"!=T(h,\"overflow\")&&ea(h.childNodes,function(D){return 3==D.nodeType||P(D)&&e(D)})}function d(h){return Na(h)==W&&fa(h.childNodes,function(n){return!P(n)||d(n)||!e(n)})}if(!P(a))throw Error(\"Argument to isShown must be of type Element\");if(P(a,\"BODY\"))return!0;if(P(a,\"OPTION\")||P(a,\"OPTGROUP\"))return a=Ja(a,function(h){return P(h,\"SELECT\")}),\n!!a&&U(a,!0,c);var f=Oa(a);if(f)return!!f.image&&0\u003Cf.rect.width&&0\u003Cf.rect.height&&U(f.image,b,c);if(P(a,\"INPUT\")&&\"hidden\"==a.type.toLowerCase()||P(a,\"NOSCRIPT\"))return!1;f=T(a,\"visibility\");return\"collapse\"!=f&&\"hidden\"!=f&&c(a)&&(b||0!=Pa(a))&&e(a)?!d(a):!1}var W=\"hidden\";\nfunction Na(a){function b(k){function l(ba){if(ba==h)return!0;var pa=T(ba,\"display\");return 0==pa.lastIndexOf(\"inline\",0)||\"contents\"==pa||\"absolute\"==qa&&\"static\"==T(ba,\"position\")?!1:!0}var qa=T(k,\"position\");if(\"fixed\"==qa)return ra=!0,k==h?null:h;for(k=S(k);k&&!l(k);)k=S(k);return k}function c(k){var l=k;if(\"visible\"==D)if(k==h&&n)l=n;else if(k==n)return{x:\"visible\",y:\"visible\"};l={x:T(l,\"overflow-x\"),y:T(l,\"overflow-y\")};k==h&&(l.x=\"visible\"==l.x?\"auto\":l.x,l.y=\"visible\"==l.y?\"auto\":l.y);return l}\nfunction e(k){if(k==h){var l=(new Ka(f)).a;k=l.scrollingElement?l.scrollingElement:za||\"CSS1Compat\"!=l.compatMode?l.body||l.documentElement:l.documentElement;l=l.parentWindow||l.defaultView;k=C&&Ba(\"10\")&&l.pageYOffset!=k.scrollTop?new L(k.scrollLeft,k.scrollTop):new L(l.pageXOffset||k.scrollLeft,l.pageYOffset||k.scrollTop)}else k=new L(k.scrollLeft,k.scrollTop);return k}var d=Qa(a),f=N(a),h=f.documentElement,n=f.body,D=T(h,\"overflow\"),ra;for(a=b(a);a;a=b(a)){var q=c(a);if(\"visible\"!=q.x||\"visible\"!=\nq.y){var t=V(a);if(0==t.width||0==t.height)return W;var z=d.a\u003Ct.a,O=d.b\u003Ct.b;if(z&&\"hidden\"==q.x||O&&\"hidden\"==q.y)return W;if(z&&\"visible\"!=q.x||O&&\"visible\"!=q.y){z=e(a);O=d.b\u003Ct.b-z.y;if(d.a\u003Ct.a-z.x&&\"visible\"!=q.x||O&&\"visible\"!=q.x)return W;d=Na(a);return d==W?W:\"scroll\"}z=d.c>=t.a+t.width;t=d.f>=t.b+t.height;if(z&&\"hidden\"==q.x||t&&\"hidden\"==q.y)return W;if(z&&\"visible\"!=q.x||t&&\"visible\"!=q.y){if(ra&&(q=e(a),d.c>=h.scrollWidth-q.x||d.a>=h.scrollHeight-q.y))return W;d=Na(a);return d==W?W:\"scroll\"}}}return\"none\"}\nfunction V(a){var b=Oa(a);if(b)return b.rect;if(P(a,\"HTML\"))return a=N(a),a=((a?a.parentWindow||a.defaultView:window)||window).document,a=\"CSS1Compat\"==a.compatMode?a.documentElement:a.body,a=new M(a.clientWidth,a.clientHeight),new R(0,0,a.width,a.height);try{var c=a.getBoundingClientRect()}catch(e){return new R(0,0,0,0)}b=new R(c.left,c.top,c.right-c.left,c.bottom-c.top);C&&a.ownerDocument.body&&(a=N(a),b.a-=a.documentElement.clientLeft+a.body.clientLeft,b.b-=a.documentElement.clientTop+a.body.clientTop);\nreturn b}\nfunction Oa(a){var b=P(a,\"MAP\");if(!b&&!P(a,\"AREA\"))return null;var c=b?a:P(a.parentNode,\"MAP\")?a.parentNode:null,e=null,d=null;if(c&&c.name){e='*[usemap=\"#'+c.name+'\"]';c=N(c);var f;if(f=\"function\"!=aa(c.querySelector)&&C&&(C?0\u003C=na(I,8):Ba(8))){f=c.querySelector;var h=typeof f;f=!(\"object\"==h&&null!=f||\"function\"==h)}if(f)throw Error(\"CSS selection is not supported\");if(!e)throw new m(32,\"No selector specified\");e=u(e);try{var n=c.querySelector(e)}catch(D){throw new m(32,\"An invalid or illegal selector was specified\");}if(e=\nn&&1==n.nodeType?n:null)d=V(e),b||\"default\"==a.shape.toLowerCase()||(a=Ra(a),b=Math.min(Math.max(a.a,0),d.width),n=Math.min(Math.max(a.b,0),d.height),d=new R(b+d.a,n+d.b,Math.min(a.width,d.width-b),Math.min(a.height,d.height-n)))}return{image:e,rect:d||new R(0,0,0,0)}}\nfunction Ra(a){var b=a.shape.toLowerCase();a=a.coords.split(\",\");if(\"rect\"==b&&4==a.length){b=a[0];var c=a[1];return new R(b,c,a[2]-b,a[3]-c)}if(\"circle\"==b&&3==a.length)return b=a[2],new R(a[0]-b,a[1]-b,2*b,2*b);if(\"poly\"==b&&2\u003Ca.length){b=a[0];c=a[1];for(var e=b,d=c,f=2;f+1\u003Ca.length;f+=2)b=Math.min(b,a[f]),e=Math.max(e,a[f]),c=Math.min(c,a[f+1]),d=Math.max(d,a[f+1]);return new R(b,c,e-b,d-c)}return new R(0,0,0,0)}function Qa(a){a=V(a);return new Q(a.b,a.a+a.width,a.b+a.height,a.a)}\nfunction Pa(a){if(Ia){if(\"relative\"==T(a,\"position\"))return 1;a=T(a,\"filter\");return(a=a.match(/^alpha\\(opacity=(\\d*)\\)/)||a.match(/^progid:DXImageTransform.Microsoft.Alpha\\(Opacity=(\\d*)\\)/))?Number(a[1])/100:1}return Sa(a)}function Sa(a){var b=1,c=T(a,\"opacity\");c&&(b=Number(c));(a=S(a))&&(b*=Sa(a));return b};function Ta(a,b){function c(e){if(P(e)&&\"none\"==T(e,\"display\"))return!1;var d;if((d=e.parentNode)&&d.shadowRoot&&void 0!==e.assignedSlot)d=e.assignedSlot?e.assignedSlot.parentNode:null;else if(e.getDestinationInsertionPoints){var f=e.getDestinationInsertionPoints();0\u003Cf.length&&(d=f[f.length-1])}if(La&&d instanceof ShadowRoot){if(d.host.shadowRoot&&d.host.shadowRoot!==d)return!1;d=d.host}return!d||9!=d.nodeType&&11!=d.nodeType?d&&P(d,\"DETAILS\")&&!d.open&&!P(e,\"SUMMARY\")?!1:!!d&&c(d):!0}return U(a,\n!!b,c)}var X=[\"_\"],Y=g;X[0]in Y||\"undefined\"==typeof Y.execScript||Y.execScript(\"var \"+X[0]);for(var Z;X.length&&(Z=X.shift());)X.length||void 0===Ta?Y[Z]&&Y[Z]!==Object.prototype[Z]?Y=Y[Z]:Y=Y[Z]={}:Y[Z]=Ta;; return this._.apply(null,arguments);}).apply({navigator:typeof window!='undefined'?window.navigator:null,document:typeof window!='undefined'?window.document:null}, arguments);}\n).apply(null, arguments);"
}
[1731868517.876][INFO]: Waiting for pending navigations...
[1731868517.876][INFO]: Done waiting for pending navigations. Status: ok
[1731868517.881][INFO]: Waiting for pending navigations...
[1731868517.882][INFO]: Done waiting for pending navigations. Status: ok
[1731868517.882][INFO]: [4361b112340dbee3d7d40d771a551f7b] RESPONSE ExecuteScript true
[1731868517.884][INFO]: [4361b112340dbee3d7d40d771a551f7b] COMMAND GetElementText {
   "id": "f.360B2B3062DB0D08F76F0AE99E91E1C3.d.93DC1EFC691275C77395FEF1ACA8DDFD.e.105"
}
[1731868517.884][INFO]: Waiting for pending navigations...
[1731868517.885][INFO]: Done waiting for pending navigations. Status: ok
[1731868517.899][INFO]: Waiting for pending navigations...
[1731868517.899][INFO]: Done waiting for pending navigations. Status: ok
[1731868517.899][INFO]: [4361b112340dbee3d7d40d771a551f7b] RESPONSE GetElementText "Register or Sign In"
[1731868517.902][INFO]: [4361b112340dbee3d7d40d771a551f7b] COMMAND CloseWindow {
}
[1731868518.014][INFO]: [4361b112340dbee3d7d40d771a551f7b] RESPONSE CloseWindow [  ]
